to;F2;10040100629;CP7;ATCC35586;DSM20624;1A4II;L1;CIP100481;DSM20344;F88;JIP 20/85 (3);F86;L3;MM 3364.01;MM 3365.01;F42;G97;L11;8.1;F4;L2;L7;JIP 169/77(3);CIP101354;CP14;JIP 07/00;LLS R 919;CIP101342;CP1;CP12;JIP 28/91;F84;G117;LLS E 6103;RFA 295;CP10;F87;JIP P04/83;JIP 05/93 (3);3Ba.2.II;JIP 23/91;JIP 19/00;RFA F54;CIP102035;DSM20342;LMA28;RFA 345;F43;9.4;JIP 14/92;IFIP 710;CP4;CP23;CP32;F73;CP11;N15;6.2;RFA 378;CP3;F33;Me I,5-02;131120027309;CP5;F1;F7;F29-1;F14;F44;F48;3BO4;5.27;C4;DSM20590;JIP 05/93;LLS E 6926
ATCC35586;336,1525086;412,4025832;62,66548155;35,49705712;52,84073834;52,85051542;179,1255751;37,21974555;35,90113987;322,6160424;41,07629918;52,40784579;42,85503758;52,80459934;104,6549413;46,85829687;256,7807507;36,88805225;16,80771558;52,07010661;44,48679928;50,61612078;9,85927532;81,30432151;84,19089097;96,2291887;85,44426426;646,1094833;78,38147474;69,52067039;36,05506293;59,90883115;47,13000527;57,05648146;34,66708939;70,29425053;51,86661973;58,21840809;24,80102792;246,6008703;60,02167476;64,59385245;71,55327532;55,25287487;57,78879754;27,93168698;27,0623206;72,45549905;155,9533961;46,08386652;30,46292593;46,42827023;584,0066562;43,1910171;37,61714291;102,1365123;84,6694203;87,69907066;32,79946812;26,25564608;54,19718686;62,47879113;53,04301193;133,5179429;68,75565309;147,5346517;44,27331078;58,58711505;41,0719041;87,49726852;37,74039923;75,97337295;55,31927487;160,5508187;160,3429419;24,17570542
CIP102035;947,9159059;855,3644996;158,3802654;56,71269838;343,1620971;80,56964765;905,8897813;57,18037735;323,9359339;905,2717443;83,66728818;215,8666447;301,1569258;100,4691087;79,84637074;80,33789355;887,8623937;65,12352873;35,56650853;534,544142;83,87971432;89,18267965;39,11429478;824,9368463;123,9193733;174,6377367;824,9368463;745,7261129;109,3911062;390,0852013;58,76689311;160,786531;90,82475843;104,7722439;68,96038777;818,536349;205,3453149;112,6201793;69,59637352;406,7487656;151,4802367;261,8067036;129,1499809;64,27456444;96,64136435;29,24998706;146,5338432;819,6783927;819,6783927;819,6783927;819,6783927;80,06592234;787,1199384;75,24921261;118,8638112;220,867343;827,9775652;131,2916988;108,84545;60,99934754;91,05216874;105,12948;104,544536;108,2704481;134,6336694;133,9755207;72,18993964;98,06810074;95,04939624;170,0811453;72,17802632;166,2745594;90,60429623;196,4945738;193,594004;142,0733313
DSM20624;941,1711922;770,0553907;122,0280265;72,37532336;146,773162;106,7856408;912,8973263;104,788613;952,173073;881,2345133;106,323625;146,5836911;152,8664744;110,8081313;84,9876527;142,9682831;200,1024279;116,2024655;56,80332098;130,63185;132,8295568;112,8907946;63,45806131;188,6696778;170,5078999;196,1620356;192,4530943;748,1261303;146,4526756;119,9220813;57,41825168;158,902847;150,510439;133,5513457;75,45653635;169,8232847;133,4795197;131,2628583;110,9201587;981,4179003;153,5075534;152,105497;146,1096456;97,17783992;307,3780769;65,94997302;98,58855523;148,477942;806,5105776;127,8169877;88,37655667;115,3957421;797,796165;120,4149079;701,8398074;230,9971985;193,3594566;187,8749277;130,6533462;115,6069182;131,9379221;123,3500761;132,0290503;86,92577142;124,1932877;140,7529283;65,4953344;151,3123289;143,7468813;332,6080236;122,6914217;193,9879602;148,2751052;221,7846338;214,7345888;167,0242863
3Ba.2.II;761,7166923;675,1559647;211,0313158;101,8126271;290,1232304;188,7407487;757,8820682;164,6336213;401,5664763;492,9180433;181,5745275;238,9753946;179,1742955;213,9536193;217,1183203;187,3811393;744,8483949;157,8843072;53,43839035;229,9571972;207,478211;204,9293197;108,1267935;261,098549;205,7441703;277,7866023;280,2096669;531,0563492;244,4722877;208,2933228;137,6403862;284,954946;256,3676449;274,280289;179,415745;203,6886782;207,6740221;205,5830667;149,1660755;383,202605;56,48365376;47,29251432;48,20293229;134,1590784;436,9198569;143,4926366;182,946716;240,0185134;548,0687548;203,2818352;155,7096182;181,15741;614,7834645;202,7161378;153,2376487;300,2147255;266,4425871;280,4319636;195,6046702;163,6414008;216,5952628;222,4510987;193,3233961;98,88522805;130,2632498;142,0114521;96,39370724;245,966207;277,2176982;176,8867555;191,6788836;182,6692334;267,4787292;495,517021;473,2291628;446,7839339
RFA 345;26,85355677;111,1230857;24,88989557;18,39672199;6,615312032;16,08850934;10,77694856;10,9742063;12,69151168;16,30670471;5,156403851;25,87062333;3,08087999;22,46591078;20,89924574;31,56971409;8,668273149;14,68503953;-6,774221716;21,5403081;17,56953218;19,18324603;-3,894894244;58,9145883;39,25898065;48,70134274;40,89022941;49,19262687;24,21367676;15,90324975;-17,72467878;20,39289034;17,13975833;27,94025196;-5,947814779;23,44183379;19,66579059;14,93203755;-36,30579681;202,187675;68,73848774;69,99138915;80,07061533;32,05687914;22,43181171;0,550092924;1,17121761;37,73152285;33,33270825;17,56764874;-14,90516184;16,75137735;25,31375467;15,5022586;9,821428606;54,37942158;55,16038847;35,6830882;-4,044011992;7,489436042;29,3363625;16,58228364;19,94677853;8,305737299;30,10340639;19,41083951;17,07966243;24,71569458;23,22055248;92,39765895;11,70498732;96,04897698;25,70337698;98,70184795;86,92233877;59,13612006
DSM20590;119,0988093;818,5313686;105,3997961;165,3307803;272,9708357;228,067444;759,9988067;163,5887379;781,5525932;781,5525932;204,1311721;311,7063307;392,2718716;205,5188409;237,5342024;203,5656806;370,1509251;171,8181904;82,28353143;276,3035906;154,1797863;210,6858708;140,5040741;262,5065231;207,4789339;298,2244958;267,3928006;612,7853916;273,27617;225,9118259;153,0822503;265,4956282;246,5563;245,4482266;136,300453;242,583311;205,3382407;249,8216344;187,3454221;845,5107727;139,0937807;148,1389134;70,01392951;144,3153922;561,9575738;131,1703;179,7849177;264,937849;567,79533;235,5882437;182,3124119;244,846395;558,2794635;282,717224;783,4236942;332,8085464;313,4425087;338,6242904;254,5974143;133,633548;150,3725267;185,3050713;162,7876395;138,2423905;174,9575713;173,041915;108,4787537;319,6551049;227,0867429;845,5107727;159,8382762;256,8929221;264,8237364;305,8743626;299,9058134;264,8729713
JIP 05/93;937,3674306;937,3674306;130,6846377;106,5857957;158,9147367;125,541468;885,6543855;109,1266883;888,8666488;888,8666488;123,5626324;435,6624013;889,3253468;132,1278899;113,2635771;129,1188964;473,1320404;113,5196649;50,71682407;175,017168;142,8157296;150,8376589;84,98702885;161,5532316;159,4569391;208,3861777;167,7465964;741,1644119;177,5659472;137,9068062;57,94603094;170,9291747;160,351676;168,658981;82,7749164;159,8021037;144,3545973;149,819188;99,82985431;937,3674306;130,8873591;146,2396578;136,8735657;91,66686162;456,9520694;101,7293689;101,7925216;160,8020943;810,4420716;146,8735616;87,52218929;165,6916717;780,5322754;229,7469674;878,3122169;191,8717245;178,3591851;182,8890866;95,05194369;143,7757989;155,6457674;161,0884331;149,223353;105,2024394;151,7335693;141,7427271;104,0754344;235,7681024;144,2490221;937,3674306;132,7485086;196,464408;175,1312657;197,4632585;201,0983933;123,1387626
LLS E 6926;936,8468014;936,8468014;133,5945017;105,1288869;161,2966021;121,3521911;890,4025024;124,1394888;874,8351739;874,8351739;138,0497147;880,5594999;880,5594999;166,449165;142,4436931;127,0905945;587,4550155;106,4037045;51,89734832;180,2153491;149,2366243;150,683731;82,28278822;181,9755507;168,090381;204,0697305;185,0879877;744,5358215;172,8307989;113,4014698;63,34733898;181,6186776;155,538465;135,4019782;105,3351281;152,0353104;161,8280463;159,7105709;101,9480343;936,8468014;140,1419983;157,018096;154,3289137;93,85142689;504,1733058;132,033916;83,16435705;167,6665846;796,767452;167,1506801;101,0268229;155,0573059;760,7942487;230,8485254;883,3006395;240,7349144;191,2072908;199,7775212;112,815782;138,271976;156,1422571;155,1664857;133,9094892;107,3800479;161,4004075;135,6598798;103,0361928;258,708916;159,1278641;936,8468014;146,1067393;225,3609582;195,2322151;232,6140488;191,124651;144,8725443
F1;851,5108815;742,6475069;165,9854255;92,27557827;322,5207914;167,5048619;821,754079;114,4891186;829,8345104;829,8345104;152,9330569;183,266402;141,5642119;155,4932775;144,3118682;139,9529784;813,5261925;112,9496998;52,17982718;198,2159635;132,6684871;158,0402854;90,34252892;728,766093;199,2223228;728,766093;728,766093;643,2519975;145,4540694;137,6443428;64,3676197;229,7998596;289,5196724;217,7761137;504,2541052;183,4800019;164,3235997;184,1252267;661,2257703;851,5108815;144,7490324;117,718218;112,9572087;110,9527834;362,0506785;76,66931905;621,144964;232,2924108;608,5977275;179,8927769;148,0704576;155,2127302;609,0205033;183,5523909;108,1655217;273,0554439;625,3146823;274,9421786;625,3146823;125,5901316;217,8612857;230,9921855;183,3161239;97,30109304;129,5963198;126,1198614;84,58417866;229,2676215;165,4854618;171,2227882;113,2924123;125,2712128;179,2951036;424,8958346;452,5612039;447,8332733
C4;887,4141382;622,495604;162,3700292;103,2983409;349,6730436;166,3658163;864,6644849;131,0179683;847,8970045;847,8970045;168,738486;203,2967179;181,4333538;177,8288534;212,3187633;167,0475664;830,7306502;143,1382129;69,67563967;202,105919;135,6790763;151,1879777;101,2488042;773,2460574;179,4925902;773,2460574;773,2460574;633,2786631;163,4953597;136,4972636;73,98581416;206,0607132;273,9927037;190,12915;480,0581176;188,8445622;170,4958572;176,6077074;700,5263065;861,2209647;190,899223;164,4090104;147,901311;108,8443848;369,3653083;96,95779232;624,649259;202,7598249;620,7658746;202,8275742;117,2074715;149,0712885;614,9253873;176,117275;112,9185079;263,14971;652,849129;272,6658896;652,849129;126,8769676;174,3090267;193,1851269;174,176676;131,2952644;158,0683468;167,9429724;124,2840614;207,9496614;142,7774307;205,033712;137,2411061;196,4419388;174,2388463;477,4854219;470,019305;457,5683279
JIP 19/00;878,8617235;760,8471838;168,4689966;115,7854604;231,9095558;167,8724976;832,0777203;132,2325699;840,1250575;840,1250575;178,5082715;207,1077557;146,5039876;164,7342335;130,5200047;183,1804905;813,3069951;163,8515194;100,6069795;213,7471845;134,3687828;168,983647;111,2801231;195,400981;164,837869;227,83691;214,401033;624,5923444;170,4770095;138,1802205;56,75535024;228,1018621;211,8736836;205,5900096;116,9399136;199,4595279;203,4387048;193,011053;148,9039078;313,9264043;150,8402903;158,3576723;152,4134331;124,4317884;475,8566503;85,59681031;227,9244809;237,003458;638,9677898;204,159546;154,8211162;199,4945126;630,3221878;214,4933977;147,2110402;258,7623007;223,2764279;257,6852857;174,4262491;109,555018;181,2669051;188,9901255;163,3565669;109,4755371;134,5250093;154,7508547;109,7138864;276,6229715;212,7876271;222,4973344;117,3047405;187,0954896;215,8722094;360,0426611;393,4867059;350,2866993
JIP 23/91;791,0625082;697,0525114;115,2801294;1,509218108;98,38666807;52,20189401;639,5329635;35,35125863;335,4062816;678,9073218;63,71264802;191,6063672;99,15072594;73,31335224;112,0322368;98,69690423;471,9255909;36,86138596;-16,64930171;106,647204;75,32081118;103,7817541;44,70528769;227,9635733;142,9970392;227,9414132;221,5621826;584,4205036;214,1650855;108,5970658;63,5897129;138,8113721;141,6992525;120,8921569;44,02838642;94,36456018;118,1239738;129,4682016;73,6901832;299,233051;68,11546739;70,11993629;64,48568919;100,3834536;365,8085841;28,12674913;126,4033038;204,506748;576,1594263;182,7810846;110,1437864;179,6202506;589,5647752;144,6130044;118,8364624;226,0504825;216,7214033;226,6867457;154,524137;64,76989507;141,7564047;114,5758642;108,8946244;96,39486051;121,0043825;139,6519263;82,22690469;162,0572423;122,7396614;249,8206785;56,73776005;206,7344945;96,15377713;193,2177333;191,3472063;146,6589638
1A4II;826,3018428;787,7631566;196,2696607;114,4298889;786,5155224;199,3057655;786,5155224;162,1019594;831,0364078;831,0364078;188,3516927;227,6482474;214,4529872;186,1502816;189,0996841;200,390667;782,3685054;162,8892436;84,88255951;262,2599954;190,9163755;214,490379;129,2863115;734,9179335;233,3913511;734,9179335;734,9179335;636,9999211;214,8639247;179,9042839;94,80303908;254,1592913;813,3896235;248,0166086;813,3896235;201,8378014;177,1301743;203,4103363;736,5792311;826,3018428;127,0457326;113,336153;89,77669715;119,4503946;406,8643541;125,2151627;649,4775205;253,0244321;667,872378;212,3874099;140,2104618;234,0949601;622,3843815;250,0262029;173,9746174;308,9350684;713,8379947;277,4244333;713,8379947;168,3843758;198,9271594;221,8545759;180,5153729;109,5095167;165,8397789;141,4417319;93,03154146;284,5793636;232,3436942;253,2558534;183,5944499;177,3696626;256,9954487;483,3577987;491,4117815;453,2935062
RFA F54;212,4957805;335,4707394;165,4185606;92,7251937;195,301873;160,3098931;207,1275591;127,5779178;823,2690185;166,2338593;146,8201058;189,8768154;144,0823354;159,367976;151,1913518;146,4697328;112,6006952;127,443405;64,48941192;226,6922425;176,123691;164,3891587;102,0131325;245,4483377;201,8518475;253,1848786;182,8831759;204,9833507;177,4362471;154,60073;71,75953377;195,3203029;178,2849992;165,3895354;113,547349;215,0736993;175,9587177;160,6770622;116,2536022;351,8055335;142,178524;145,5889737;139,3724958;126,9443451;457,3129973;120,3132201;151,97768;227,0190935;633,5606291;207,6156346;602,1737836;187,9453208;662,7354741;199,0472428;139,2624175;279,5126176;257,1250132;250,2854316;172,7699392;158,7814258;173,9443248;195,3982627;179,5397865;117,9376544;165,7196475;135,6007812;100,083668;233,6054061;199,2736774;274,0832126;148,6908027;244,7850539;227,7664207;308,4599075;299,9193756;238,308855
F48;961,5094691;961,5094691;142,4537993;118,0416432;207,3138557;162,3677946;878,1624441;125,5522796;882,6565734;882,6565734;135,4969741;243,0495089;135,9115052;154,7845094;168,2994504;148,8641342;863,98413;112,1750393;53,9926741;174,800315;145,9366998;147,0067346;77,48869583;195,5905322;192,1960743;253,8311683;187,0419129;739,5806744;207,0636906;144,9042934;86,33789315;189,7585602;165,6552461;190,2685615;96,34880546;144,1553965;163,7618877;122,3297813;78,82919517;318,2521456;205,9843376;197,3603901;175,8443453;91,80404689;437,5259146;97,66560516;84,8339938;207,8869302;578,365607;151,2151202;133,3731841;204,7384284;765,417243;178,8821508;117,1079702;209,4174883;184,4063255;181,3821568;107,0634408;143,7465084;157,3568646;159,7562547;127,8270705;96,06183619;154,2008972;141,421012;113,9565982;241,6575373;175,8462461;290,2210499;124,0668662;266,1875347;172,0626151;223,4719398;206,6875105;184,091251
F73;940,1757627;869,1275731;124,1583948;77,75077439;171,5320315;138,8290381;872,5684335;70,067731;882,1496769;882,1496769;112,4933894;155,3958647;97,603934;125,5405041;103,2769336;93,58720022;861,5378384;82,68944745;48,62458039;157,1368092;117,5362959;114,725081;67,75606741;168,6091376;167,4764651;211,5218024;152,7226037;720,4037158;173,2704947;139,4636043;48,87352041;140,5771418;126,8117235;119,9381973;59,07386717;154,5018029;118,8843041;128,7582226;63,69459005;305,3858592;136,1877065;141,9085579;144,131751;86,83313248;412,5846172;72,9954002;77,82900246;196,4037378;501,9396953;150,0753213;118,1366015;76,1157587;749,2542627;162,05595;60,46832479;208,6306703;171,5992323;204,6979996;110,1771786;100,7315582;116,8703766;130,1474695;112,9697452;94,49231576;114,4211079;91,87645676;80,78915985;197,8581125;161,155579;203,7613261;84,57619248;188,1043354;122,1531212;230,3856833;230,8110571;191,9442001
3BO4;886,687754;727,6744389;163,2109574;102,3194146;219,6350122;183,0141612;845,7275306;115,6604901;195,7474938;850,4548373;168,7973398;187,3961786;146,1179865;153,2980208;141,0123028;172,6247952;829,1155122;138,7457117;77,69913958;203,4492853;155,307012;169,9581729;95,23640827;224,1154408;203,6236441;251,0666486;240,0331163;633,7671161;168,3162836;156,4313958;76,9012047;228,0225929;182,5676579;208,7576842;148,7627055;231,7999177;147,139354;217,6714946;153,9438057;326,0710363;128,7524224;131,6760097;125,6388448;112,5918291;240,1977811;70,55384636;165,2195284;448,5195825;686,4810171;277,487061;686,4810171;142,3144609;659,342678;151,9393762;114,026294;284,0085982;268,1321973;285,6858202;161,8630468;118,983928;177,4037298;211,5986127;162,3449966;114,9685394;154,8829325;148,7743644;102,429652;174,6059712;163,0401795;212,1973954;117,599359;181,9979748;157,352721;262,4460628;266,9320462;233,2910264
5.27;833,4822705;789,3775071;129,153909;89,21950639;181,1269192;141,2442174;729,0416395;114,3470012;934,2397428;712,8169692;131,762736;165,5638436;136,3227269;134,789993;113,9019924;140,5476814;184,902937;107,2984016;46,24801853;159,6478512;111,7140088;121,7315365;78,26486317;850,0712275;163,7440929;370,8769883;850,0712275;747,3272251;166,0515004;107,4866319;73,16490465;157,552903;146,8998881;139,0079028;110,7907405;175,0842249;133,4358832;159,062104;842,5980162;311,1774152;202,8055166;165,9296084;144,4339174;106,5974527;412,2832757;74,59711921;143,5452034;191,403876;812,0499323;179,6260483;103,5421821;168,9746154;773,5579003;169,0960031;111,7439344;210,9048609;834,3362446;211,7830027;834,3362446;116,1811992;143,943217;150,5658629;119,229728;144,9201629;172,2753726;184,1925547;132,6561634;188,3370794;140,1833311;217,5306238;110,4948533;200,3871329;147,9647735;631,2811446;293,4916045;232,5809874
F14;869,1387762;869,1387762;154,1558038;99,77095681;613,5347751;156,3069951;850,3616131;140,4128276;448,3397033;759,2755929;163,970548;242,9816202;266,4883631;156,9954376;149,1569595;172,0515354;821,4992026;165,4287254;79,88667116;202,3090249;152,5568785;169,4650856;121,8471616;211,3334801;162,9323076;217,7144812;205,7897229;690,444238;183,4137543;157,7176005;97,86304576;213,3700129;193,4050617;215,4281092;120,8718142;187,9746875;202,8559768;162,1969839;111,5978192;869,1387762;179,2674427;200,023068;191,7749743;124,3655007;178,3561498;120,6603276;160,5582779;235,4641304;665,6013643;230,8855478;178,6158985;157,7395272;749,3184926;151,6916407;436,3187057;262,6087128;240,1897877;288,3929187;169,2963105;127,9145226;178,6744186;178,4570304;154,6678026;121,7732704;147,3664555;160,2086966;118,3306231;172,4746981;178,0331915;350,7295276;132,2798511;199,1101959;191,134513;277,6316407;272,7761126;217,6232421
CP32;877,5986306;877,5986306;161,6366221;211,2807388;210,8374683;155,487778;732,4971428;104,2130056;114,2417884;820,4762688;186,0219328;192,4125177;138,3593067;152,2095938;121,6758508;136,8864393;257,0544156;113,3195642;63,46902509;154,6848246;125,9748681;156,1737528;91,22247147;251,0363768;222,3749708;287,024767;243,4766966;644,3082335;216,1677504;180,1873987;99,98322053;184,7799577;152,6483908;195,8241475;114,7757185;173,6950091;132,4275164;173,065262;141,8407079;317,6202884;216,2324;222,1965654;231,0986517;118,5355936;158,9101247;82,23009605;160,9411631;230,9694173;397,8806626;169,2800298;167,3032712;182,0738185;651,1724374;144,2818568;132,17261;242,9869682;223,6530597;208,0406459;192,7371061;104,8941682;159,8301763;172,2768801;162,0508369;118,9392972;146,310716;154,6100231;94,72129964;159,0988263;155,5366065;225,0285193;114,5074791;222,1758492;138,1127928;284,4233896;263,5540362;220,6082856
L1;377,5176306;561,9703005;111,5860785;102,3136437;155,9981834;112,5740761;116,380618;100,6284426;130,1469991;909,4722956;120,5467795;159,4666515;117,0531509;123,8076666;83,2700985;100,9709431;277,7019654;93,82571926;39,53642086;128,1913564;131,8526166;123,9680981;75,17749561;193,4400995;153,1857189;157,2776297;159,2185273;459,5801425;148,2000562;107,1022051;48,84498823;158,8922594;135,3861051;139,5058411;57,24812926;153,5271617;79,16008561;146,2972434;64,71819378;231,7509017;153,4367818;147,8057842;143,2215777;100,4133955;91,5905606;91,11725623;62,06905452;180,2510613;219,2619841;127,7935034;84,733699;153,947819;216,1801051;127,3010919;88,89949909;192,5355361;168,659226;170,4521487;92,27529696;110,6032556;131,1071489;135,7371796;118,1966509;125,0466733;176,0218781;162,0303079;107,5284029;162,4107213;122,7800971;213,5429853;123,0862308;178,1599915;142,1036244;196,2623681;187,0493515;148,4659901
F86;905,2468792;873,5147807;158,9622565;124,4196628;223,1417767;146,4264059;823,7599179;146,9508578;183,3929833;830,5439994;161,212345;258,680495;186,2325873;193,1108364;191,4437571;194,3065334;809,3958516;124,4147847;43,57693341;242,8171412;192,0651076;159,4779415;101,2835934;208,0119748;152,8320699;196,2800464;157,139505;717,5966762;171,2921274;140,6596987;70,92107704;267,5363102;233,8167547;218,7203882;105,4373038;176,3932327;186,1259438;171,7697416;109,3125238;275,4353023;142,7553326;144,1282768;123,1414055;83,00470519;155,75868;83,38991367;89,86905452;150,97993;210,3479144;138,1328394;66,07732818;174,9506405;727,4607329;218,9712147;138,2359179;229,3559428;225,7055814;204,0238438;148,945689;155,2249222;215,3624348;170,2991706;166,3554624;134,5405178;187,0017524;175,5655879;112,6516084;213,7288473;153,9085021;333,5570567;186,2400681;260,2877095;249,5175141;282,0338777;276,5254113;200,1636591
CP23;136,1124984;366,0190116;113,3217634;94,09423857;141,6532649;109,8905766;90,26799625;104,1435917;120,9960931;105,566598;130,6643897;157,5199145;126,5457363;127,1057714;93,38265111;92,9039332;46,33761342;62,35007071;-7,633380314;203,1980509;128,0951603;124,9503334;65,47470076;151,5304192;104,9276965;134,8110728;135,375404;78,120811;79,18767553;57,96783572;-10,62810197;203,2713836;181,291948;185,349358;69,88162793;124,7158508;148,9739617;130,9448373;69,30850504;244,1909554;163,1255297;154,8857028;125,7630102;71,23949533;65,2731675;67,1269676;46,74334794;112,9650678;120,0692826;65,39165943;26,36156305;116,5986045;184,4721087;133,0450539;92,09252589;212,1976567;186,1267968;191,4827827;108,9405809;105,5799577;162,5271289;161,5907657;120,2774085;105,8020466;147,1358881;140,3578319;110,1958509;137,5958406;149,6926899;241,5426736;126,9883748;201,5914951;178,3468303;181,6695305;193,6380852;114,7163038
CP4;128,7175277;544,9092025;143,4143889;63,1997388;107,023423;106,8634984;131,7790497;74,13121159;97,12381796;134,4477285;100,4721079;377,9839843;94,14072821;97,45472887;65,61804584;111,5978677;79,63221133;83,4988518;32,29290509;189,0982341;115,394127;121,3118929;65,66996493;157,8259598;169,2027082;187,0450305;137,3781189;110,7447981;96,48826455;110,1862214;-23,00705419;135,9481422;98,85172529;101,144802;55,10598215;561,1489613;138,9679971;127,7410235;45,14284377;258,2795836;139,1073112;141,1138563;136,6200558;106,3866525;131,4132817;58,57531485;52,01567448;156,4285837;151,0841753;117,6670799;39,23190205;106,8440241;199,9275685;100,3917649;52,1302722;207,6226052;191,5754643;176,0032222;95,18696314;55,81759305;108,0408499;137,2565911;101,2342307;107,842893;110,3403528;126,4723169;75,91919835;120,9262923;119,21893;158,2277624;84,84006874;134,6630453;140,6089438;214,76399;215,1016733;156,75095
CP5;210,0553213;807,5472078;67,87541518;80,1179226;129,9952827;107,7006061;146,423611;76,07582664;114,9058142;188,2861123;109,3102776;150,5858477;111,1859184;129,8259654;112,6770801;136,23342;131,651915;98,35157584;37,99187505;134,2543157;134,1352918;113,2834494;70,67768266;123,1346322;151,5848083;164,7758549;131,0511167;202,1764311;87,92098525;100,5315234;4,008983425;151,1830337;124,1237259;116,9400948;65,91202412;131,3527082;95,81695208;103,1323286;19,31377861;271,229273;176,5042051;184,9275594;179,2805087;85,41272055;108,8647261;64,68879584;59,64673269;142,0027889;145,300853;104,7162112;41,07944868;121,927346;157,6057706;130,4803028;50,86261619;202,255317;142,9749379;161,1564113;70,65471869;106,8129456;139,5646822;138,8983677;110,8499234;76,70058631;105,8207163;122,5586069;74,13235092;135,0067638;148,0265424;185,5030915;102,5101757;150,8695208;106,5632245;188,8443393;162,4798554;141,3626635
F29-1;411,4097708;750,9623945;105,9123788;56,79438438;129,7896695;97,47084934;211,6875832;73,35208551;122,8186036;867,5105108;112,5138665;143,06923;91,00826804;102,4834116;91,40352353;140,2888483;839,5552856;80,63119272;44,29442006;136,3689867;92,73586037;108,052914;50,75428829;160,9239807;131,2460362;146,4153795;138,6512531;655,2975358;110,5495166;93,59437362;-4,293255922;137,0080574;116,8585766;112,5772446;68,90012019;145,032352;115,9901406;135,9352612;50,88593074;214,022195;95,054589;94,34644719;92,27017225;64,31835722;124,845402;50,753571;49,88182987;140,0637423;759,1354445;110,8007604;30,35499203;132,6010546;342,6123356;109,7654651;70,55036877;162,9296377;156,9307952;162,7812374;70,00099054;70,7577071;147,1026615;122,2229387;112,9268275;121,5655912;151,456251;168,9583699;102,0554901;129,2316862;135,7081432;176,3580142;101,3078594;157,9430295;118,2962372;167,0647792;149,817882;102,7583829
F7;934,1236627;775,4872547;111,9538019;88,98761667;155,1713944;114,3903949;133,8387012;94,19755655;171,1554805;894,3785273;111,84413;156,7053134;116,0699024;130,2608;84,48101845;132,8494873;530,0682251;88,67716266;36,09111529;136,9515194;130,136849;119,4388599;73,55268996;789,2819242;148,0511736;157,8469996;789,2819242;717,4962492;112,6372832;99,45945782;51,00806218;146,4453385;152,3435394;149,9632919;87,69584112;157,3864007;105,9553462;145,4768767;80,81202391;269,4388332;153,6055875;147,7104312;138,4941944;93,03628182;109,3631157;108,4212487;109,8531663;177,851072;779,6191184;147,7686558;68,88074033;102,8320566;227,132511;122,8657057;84,05432026;186,9935929;167,8138018;171,0064137;66,25330182;57,64254273;117,9794434;118,5670863;104,5605026;230,578436;269,854941;261,3627197;217,278183;147,0047424;120,7267717;217,0461916;95,96943502;190,4497802;125,4789762;276,2859896;257,9057887;213,3992475
F44;949,0186655;868,9495665;111,3663557;79,19644044;131,3627328;115,539586;898,3402013;96,08940893;207,4889385;887,7286292;103,675695;134,4870335;101,8998911;116,2542588;61,16799635;110,2549123;871,6290496;76,7250635;32,60042885;127,5469733;113,9338319;99,85649156;57,5795393;554,6350827;164,1826857;177,6248003;369,8791133;742,2916125;140,2065262;127,7654711;48,32735292;152,072054;138,555827;124,3298966;68,74304139;132,9282393;104,9102558;115,3517002;53,02286894;272,2451955;148,6763933;149,3309203;149,5491005;89,27182543;281,1095431;78,76637546;78,27170959;150,358421;780,2035472;142,7647899;83,9173128;130,0734567;756,6699005;121,0724912;82,86202962;189,5082274;164,8315111;176,9963166;92,57698666;97,28093755;129,0019119;121,4540608;108,9038628;119,130328;177,2683937;156,633891;98,76400415;152,4187411;88,81502354;213,3995531;123,2406936;168,7723814;135,347492;213,7813563;181,3719084;121,2867953
LMA28;114,4633592;301,7799493;90,49743372;59,99288107;104,3622058;96,67605096;87,70063349;95,94938986;104,4474416;115,2021721;88,40067214;137,2522993;76,77376288;112,251828;63,90286936;103,7145779;60,33156013;72,73755317;15,91766548;93,46154087;94,29253265;100,0035837;63,33184992;149,1465307;148,0574367;136,7774106;134,0346096;118,2198623;90,66371896;82,68092662;10,96877523;105,5934518;103,5108192;115,6523026;43,04572689;135,3983376;89,90630689;86,39747593;44,82396698;220,750992;152,7075687;152,9496274;142,1331257;37,26070346;59,33022126;55,95771639;48,73891986;120,0313009;119,8157907;97,01553849;41,79346197;98,69841422;140,9330297;94,40046048;58,21760625;135,2610778;148,7507527;127,3638539;73,49253985;86,31194119;114,4919996;118,4449599;95,47439197;112,6555714;153,8630067;158,0023718;107,2486421;115,1139708;82,55882353;167,8299048;99,81866832;132,9200527;99,85386886;174,5703466;158,3570218;120,6609627
DSM20342;893,6043744;843,8176676;162,4180925;130,6072252;231,2118237;202,2830119;879,9225138;128,3106529;136,0291294;844,2657257;194,3010071;226,2776419;160,5737481;205,3337862;139,7036186;233,4729049;828,3514272;147,201254;85,52586526;226,7367031;140,5498935;151,1000753;112,2153779;263,6170029;209,616473;295,4075278;258,8295269;720,0155016;198,9102665;201,1263168;144,245215;236,2810491;206,3612487;214,336941;142,0250216;178,2474772;199,9331867;166,3221789;137,4421025;308,2511906;291,5322062;282,1829683;294,5960355;93,5241922;133,5461084;81,9164816;124,0279886;211,5552955;764,1297983;191,9798142;142,0002549;185,6754419;759,6565005;207,3175326;162,8530916;247,0329437;217,9246483;236,3294146;164,959591;140,6668338;173,165333;184,5262425;102,9651118;125,9627091;162,1244733;166,364711;102,2858538;185,9456522;166,6617571;315,9054094;167,8731558;299,8177157;195,3003739;271,9208015;240,3802652;172,6687585
CP3;160,2022583;515,7359664;133,9673037;87,14609778;139,5122744;112,3750553;140,2566279;104,5651605;98,66094808;154,8307764;108,1559573;171,6163936;132,4266458;144,6128684;92,32520339;101,0880421;65,268587;81,65531897;7,734727683;145,4170367;128,557319;123,1298321;41,62397377;180,1238787;166,4346777;184,4131778;156,3705844;151,9940164;113,3308385;99,67144491;49,7938524;142,1857962;85,7292707;149,048815;64,89806541;142,6069733;108,5952383;108,3941736;63,52764368;266,7171231;196,2156895;189,0103694;167,0752937;74,15652502;72,66664231;70,38859286;50,87444414;137,9955639;156,8021797;100,4223123;63,11700064;121,3485659;178,4961429;108,0092898;96,18812011;176,1574743;170,946239;172,9497161;96,37296762;106,0552301;82,3324785;97,88910873;69,00462412;129,0424261;159,1015804;174,1312044;125,9355279;116,8362982;158,027583;218,8534088;118,2655677;176,3122445;147,4405621;192,9100671;182,8397018;118,4500337
F33;956,619653;857,0791734;95,0334918;56,38765131;130,8854112;107,9904724;862,1077182;79,54290702;192,0136039;928,6574161;80,43518353;117,6999184;97,27124074;105,3068099;54,24902324;97,17579851;897,4143865;77,82651863;27,65004967;149,604631;98,51815699;101,4644755;51,90932933;308,1674614;135,0025929;167,5493112;204,5679029;738,9614574;116,5840638;97,45063013;17,57073421;133,7934598;107,3544143;87,72431627;53,25094642;156,7561076;111,752477;121,8889547;30,68454255;254,8752009;144,647917;138,0602518;150,3876196;91,4013404;222,4183301;53,51632872;37,99893983;135,4270788;794,1701362;119,1850082;19,24090292;123,8236304;761,0085206;122,3059961;91,39727328;200,0868523;155,4243685;191,8432275;65,13195905;78,71096538;91,69125819;116,0804422;79,34662624;111,1082003;161,7922308;117,8710914;88,34681502;151,0793621;125,001454;183,1038954;98,22929623;164,2236958;148,1135749;203,0246314;197,3861956;145,334368
Me I,5-02;858,0981474;249,3951573;118,6289915;128,9104879;222,1862967;180,7023527;313,137101;133,6044974;835,8521645;835,8521645;171,7159289;190,4747098;127,3250775;160,1295397;150,4795853;158,6638817;564,5691136;127,1936506;72,78436821;228,1648014;122,1821167;151,5031493;94,64377109;208,2965939;178,6459435;205,4924017;185,7560516;583,6563237;210,448905;143,0977924;39,96945341;217,5199081;195,6790318;187,9703797;120,2187006;141,2930582;181,3649466;146,6733798;73,17300166;337,8320909;89,49595087;99,26088129;95,57768015;142,7661126;476,1675438;91,1981467;135,0959005;240,6074147;645,532825;178,8701199;102,5090878;181,7958013;617,5313148;116,0195224;102,4490502;244,8008997;215,193735;251,2653037;129,4096359;72,47356787;165,3326906;158,3200621;122,2299925;90,69946579;122,4115801;136,0162171;81,61156011;133,8738087;188,0284124;222,3841953;110,9820929;174,9342857;185,4544896;315,1816009;269,4068031;264,9594279
131120027309;37,91194181;118,1454524;17,72359704;32,39757873;22,25346528;24,2606955;15,34896718;20,19823014;25,34272818;32,7743017;2,197299661;27,41023958;15,80713492;25,04075282;4,257301462;30,69109524;10,39614378;8,03669674;-19,28480332;24,77986814;14,98341159;21,28920357;-4,377146096;66,04294544;48,24398062;49,72830978;33,82663213;45,59589292;28,45442963;21,52624198;-22,94345426;31,0678043;19,95391003;27,3497882;-5,902568234;33,67438136;24,44242169;29,90203104;-19,96900355;184,6242646;77,59023301;72,38581345;79,14078474;18,51604612;29,10384713;-0,210993952;-25,72976502;37,23980414;43,83007512;19,66145294;-19,29413275;20,16315762;37,94311069;15,61247695;3,85327338;62,12541548;45,48367589;40,81118708;-24,73001883;13,47559868;20,17226409;27,30370839;17,22850489;23,85299001;30,35454203;32,04336024;16,41508692;21,50219801;24,82372049;99,44896152;17,32219581;94,1658814;30,33583431;66,12024875;60,03457568;36,54326599
JIP 20/85 (3);927,2441346;854,7257606;113,2135584;77,30178732;178,9081001;126,5556299;905,7836433;100,9693201;423,5709359;389,9533976;102,6203395;146,9539063;107,3413061;103,9528939;51,21070145;103,6155707;854,796346;91,31061749;29,14458886;145,8507016;116,8924406;93,88893744;59,17494609;156,5588079;154,9633463;154,4266693;124,4963442;725,3020248;198,7532987;100,4876376;-6,697454253;154,0602154;151,4321457;126,4428577;60,88113712;126,2492785;99,00713165;93,17491983;11,42520858;251,8281003;118,6982711;128,1609261;128,3664914;89,70790924;529,9312945;88,24166139;96,9812989;147,86448;177,8409044;124,4160554;36,16741109;142,5650466;738,7323863;179,2203143;93,15584282;157,5053416;166,6431319;129,2659832;62,78685063;166,1375674;122,5070056;119,8118533;84,00032636;102,7401239;158,1381224;145,4496284;101,6851732;204,0845018;123,9122405;211,2531208;114,2637316;162,2751964;122,8734353;246,3480917;224,1640449;172,4604467
DSM20344;905,8436002;905,8436002;201,5394349;161,6935994;852,2604651;262,2055303;852,2604651;165,9081624;184,8867788;832,0480818;244,5508009;346,4293322;211,0244028;251,5886518;194,3636876;213,6683134;817,3586671;175,3769655;106,4368319;259,055275;235,7454491;224,4707202;159,821474;771,8835023;231,1002396;771,8835023;771,8835023;720,028528;255,1743686;243,6192709;152,566041;241,6278051;541,9194759;233,374239;837,9464466;210,6648039;240,6109598;178,4011351;773,9979458;315,484662;361,1914496;357,7830984;389,4781065;116,3472827;151,7446315;133,1027939;450,3438404;302,1796603;763,5719548;262,373334;276,6831868;270,691848;745,7177521;225,4460298;207,7228506;245,0474858;753,2611988;241,4463502;753,2611988;220,4940691;245,661894;216,8709243;186,5282475;104,0594701;149,875111;152,591737;89,74424805;227,7557405;316,2343451;372,9227291;214,7496737;347,7868936;244,2597133;688,6146798;742,44473;390,4620171
F88;176,6896626;322,2480631;162,1060759;111,7927167;215,6133937;176,6627515;192,6209244;134,4002723;189,5196457;147,183676;127,1718182;189,5143624;133,4611283;169,200608;84,46376216;127,0299861;96,54996164;89,17716527;15,76360336;203,4595181;136,3487567;165,7273497;89,89175152;174,5309303;154,1485066;160,1841201;158,6758598;124,0715683;122,8051026;104,4338311;37,79874638;195,8185952;169,440169;178,8632799;87,59577787;164,7258675;150,6360947;159,4026521;84,3636853;872,9150521;149,3698829;141,665797;140,7797399;96,16840394;150,0432452;78,11914936;75,54698832;151,7977589;204,0140209;146,937592;83,08640334;135,72531;632,8417655;125,8326432;102,0052234;222,5682323;199,4512916;208,1331292;140,0441842;112,8403334;184,9391876;186,8351816;140,1420887;120,0520685;164,715825;164,7443104;101,7210178;155,6106034;132,7007279;244,1637808;138,2836267;190,771427;168,1784958;267,9191243;244,046681;170,0306243
CIP100481;738,7122835;738,7122835;233,6767861;23,77376338;31,06692455;35,36710697;25,47060419;144,8586162;743,591407;743,591407;197,4197132;649,7465819;186,4024928;219,3642525;189,4181585;167,2719527;698,9787007;125,8846303;65,06075868;278,3835351;164,411238;172,249678;136,5737934;39,54148692;30,97423708;46,88289808;29,51966131;34,57286316;25,71662152;16,47397772;-21,21171255;28,04591348;24,37041497;39,32265858;4,016564238;602,5777547;281,4976742;561,69608;595,4304024;297,5787275;44,79952656;36,74169487;36,26846415;38,49888444;29,68595192;118,1882105;2,124411159;187,5794897;571,9413525;147,15151;136,7678751;27,08184172;40,74879053;10,19019466;15,08464054;247,2983881;213,4951629;230,0550874;158,4884242;159,6694086;38,5890396;34,91528923;31,30843265;110,5918888;163,9614625;150,9646197;107,1035441;30,65079929;209,5924014;258,0356845;153,4233898;225,1995046;219,5764015;108,5206199;101,3152981;66,98173146
IFIP 710;956,0390278;865,2978876;122,3073601;84,76772031;154,8468272;135,4667459;910,4323751;97,52521339;266,2277494;923,711307;110,769527;154,2325955;110,6894519;115,8235881;63,34831119;109,0756421;880,3750172;91,59540076;30,31968515;218,257659;121,9555852;122,3835372;64,90104345;199,0250995;168,2011622;215,9005391;160,5005391;699,917687;168,0387949;155,1516416;42,14873941;153,4848121;120,5420664;137,6331474;66,0199556;232,2982654;143,4468161;148,2625018;49,5450352;329,6064988;154,8995147;146,9827307;152,8380231;114,6025537;291,4382815;71,88252431;92,0100059;194,8552458;766,1574517;168,2244428;50,03112265;152,8866799;779,089639;142,1576412;101,4192606;225,6382193;191,8856786;215,2370242;70,54923428;103,3303907;77,42769937;141,6619746;95,14234355;97,77727809;129,7287856;109,1497498;76,15305188;174,8001535;133,2858305;213,3028513;112,3290292;184,6272987;161,2542437;260,5426709;252,9585474;217,8764264
9.4;442,7757472;456,8038309;119,6599089;79,19243768;145,3453647;114,6809434;473,8124225;93,69175128;271,4901339;434,9498841;104,7848196;155,5023619;116,2152558;127,298159;121,5220331;100,1634668;407,798402;83,34882029;25,40198694;167,8265646;115,7337866;114,4470661;49,06592719;146,3242912;145,7724109;156,9758693;125,2012411;574,322379;103,6615669;71,38905277;-27,9949297;148,809077;122,4101844;115,0570048;53,90449072;146,4191123;70,13574102;131,9307711;57,50991627;252,4439853;125,8496491;130,1304425;122,5430501;85,20067393;261,9383357;67,3001862;83,9057017;153,8370274;169,7952531;121,6972576;31,6340482;93,09086132;698,596933;112,0607955;68,83050151;182,5100714;190,2926118;194,6722168;69,05744889;94,05311358;122,3405664;128,2253358;59,59047858;101,205074;159,7568245;165,3386243;97,50641889;128,5069344;87,81030919;164,4386995;106,9901815;137,3861588;92,79261996;231,0889151;212,8284593;171,9071625
JIP 14/92;957,3915477;845,474139;125,0630722;95,35764536;154,4010962;136,719847;337,4649373;91,18407543;386,0363751;923,1052338;104,0005496;166,0421785;129,927372;136,5831809;82,76310473;121,3855034;628,1676974;93,2240087;47,10548539;221,3960934;120,8587967;105,0118746;58,17088437;192,2605646;169,8892179;194,250387;160,106686;725,1746381;156,3140638;123,1700871;29,47376176;156,2714219;135,6496305;121,2815369;76,76869658;166,1100275;137,7081971;148,5184391;70,05718341;258,6404105;128,446978;137,6254937;138,7185202;97,62079038;310,2596516;62,79458387;86,51341037;171,0430797;806,9973497;131,486891;42,37743585;139,9650477;777,0647458;151,9857637;110,4502206;192,166731;192,2961002;160,5425911;91,25791128;121,8587305;122,9440747;122,471996;94,2892124;87,9312805;144,6250955;132,2704588;87,06773404;154,9228828;106,3623923;218,2348553;122,7274903;178,8413193;148,004357;227,890702;189,8194599;169,2699135
F43;757,5921385;679,2440763;345,1928666;115,0521774;239,3044302;172,7294913;691,3013083;129,4475731;752,8134638;752,8134638;194,3475085;767,6047698;160,1112785;178,4561528;124,4796996;178,4809869;722,2838056;124,4588702;75,92792655;379,5102577;161,2305332;153,6008612;115,7580258;203,3232482;198,6886962;192,0657276;169,3362539;499,3909567;169,7465587;499,3909567;49,42742564;349,6248042;175,4101826;196,4643407;130,0792823;524,9721005;516,5649539;161,5336743;131,7733099;312,4141801;42,9282078;48,10519941;52,82147685;97,2814604;387,2279817;104,5850267;135,3870517;206,2135234;500,7539141;170,9272148;93,73138744;129,4761995;413,945667;168,2544076;126,1161863;263,8290443;241,857207;204,1573311;148,436061;142,4422515;193,2769066;197,6208797;173,5911421;102,8984012;149,6019365;148,0153402;121,7065136;191,7657938;183,7182189;199,9281533;142,5760199;196,7949998;202,2367634;212,8633519;168,2814969;171,4034983
CIP101342;159,7610863;288,9533387;147,9200042;102,7527115;186,628422;150,8986432;188,1059419;120,704701;187,976736;136,3559353;111,7258446;167,5200622;141,4526727;197,4705647;93,16898798;121,1085386;95,41328305;95,14517923;28,69418205;162,7377726;144,5386825;162,0237274;88,04235576;199,2600088;163,5783561;170,0113087;161,9134842;133,2834558;113,4783608;98,15022318;12,70991126;178,3867793;158,1867029;171,8562156;94,46989256;160,778801;93,17740856;153,907282;72,25985193;875,2995016;144,5251001;126,3743543;138,3064548;87,7118909;139,4632112;101,8323158;75,14539608;158,0094837;218,2355904;145,5506269;51,44030435;124,6295443;588,614017;117,9678332;95,34238523;208,3423508;203,8083501;211,2440775;108,0304388;109,8212238;172,2658525;180,1114284;139,5008978;83,43939366;147,6001783;140,4519776;84,00334965;136,6024534;122,3285091;216,8842338;153,628974;179,4884333;155,4377752;233,952288;237,7155908;172,5249179
JIP 28/91;856,2421181;835,6788803;856,2421181;94,40417844;772,9056633;155,2150049;772,9056633;119,8543608;801,116168;801,116168;159,2631682;784,7929931;784,7929931;177,6481231;141,1111524;137,9475997;215,9424301;102,5220139;50,73545567;476,2278496;155,2052295;135,2308729;89,18507843;733,5259938;139,1302591;190,0854876;733,5259938;635,9681164;146,6700745;219,2767592;55,07991497;797,7559174;156,17841;157,2705696;103,3301401;386,5544652;-398,9071599;148,1618842;105,0532786;289,7614234;165,1678697;166,6685698;109,9284828;93,17000601;163,0852884;55,43391796;378,2872895;653,2743761;653,2743761;653,2743761;653,2743761;109,2125959;642,2444088;130,016743;799,3933422;349,0718222;629,8118073;209,5592508;133,9075172;95,81253447;144,8227524;152,4273719;139,3536386;121,0532645;177,3946813;162,701829;107,7096628;107,5853468;176,5028891;856,2421181;101,0732981;856,2421181;183,0447635;312,8961507;285,7029493;250,108932
CIP101354;919,4173749;891,2766558;204,6179219;135,0960644;226,1760753;181,2390732;842,426797;131,8336275;863,3901783;863,3901783;132,8209546;848,4755777;138,7171949;181,9246197;109,6383454;139,9156901;830,7110995;115,8244352;58,33706254;455,3091257;177,4981761;168,8765728;104,6012879;192,4822693;168,9519247;186,0719881;148,7964222;654,2877333;180,5558053;294,6675141;52,49681022;231,0441007;179,0525918;184,536561;110,6982407;734,1847582;303,7661212;182,8882434;104,4520024;322,7222746;184,5324742;178,5544973;175,1362228;115,6862129;440,2921256;112,946733;122,6816342;207,9523957;658,9364544;175,412729;126,0574336;172,0135118;670,3356829;186,3108515;119,3063794;252,295363;236,6719847;244,5120692;168,4499056;167,1692696;179,6481943;168,7477912;141,6434326;116,6359984;166,3287009;156,8890752;101,3012205;210,1035869;158,7386081;282,0530289;170,7389716;233,1250561;227,5326744;263,7884731;233,8472014;160,6712849
LLS R 919;889,0859267;889,0859267;193,6583509;130,1722377;222,8894575;175,8441514;824,6550805;141,7107502;838,8637611;838,8637611;152,4660342;842,0347194;160,3047891;186,5317844;148,1668116;144,792469;828,185226;112,5446298;56,42894761;370,3399501;157,0648847;160,1011794;107,8314763;207,5986255;177,00411;221,496835;205,7984528;629,0011832;172,0374535;221,3662656;70,8813848;202,478524;160,3686271;199,7149425;123,4973537;713,7065437;268,4922726;162,4859332;116,130636;314,5119368;159,2119469;145,6655415;156,8850618;120,6973893;486,7462966;101,7308763;133,9783878;202,5900153;640,9400563;201,2339329;117,2734991;202,4233604;688,9162921;207,1082329;168,9771697;234,9286123;228,6315767;228,2557252;138,7440495;153,0687789;201,56628;193,5007606;163,6023586;118,7530547;172,6371983;159,9478648;115,5626212;240,7549736;226,2649106;266,767683;161,0370662;221,7148946;227,1574356;299,476952;267,5006072;219,3756634
MM 3365.01;32,44748724;99,64642219;27,4658659;33,28534839;19,98240805;27,54966336;15,69475451;19,19225912;27,26467281;27,45243408;8,756610075;14,85127559;5,64657813;19,5252787;9,228169152;30,47208053;7,145043481;5,579271427;-18,94601752;26,84393031;16,3069666;12,16996553;-12,13134125;146,7654377;142,2175894;153,1672226;126,8196441;40,73367361;26,27886787;16,36247882;-36,36629194;24,82383732;19,25831491;19,36586037;-4,250465393;27,18711642;19,79834195;29,62573018;-28,41560683;201,5728298;62,72566342;57,00998118;64,60614716;20,11215515;25,42324335;-5,729665189;-13,41579872;43,00669792;42,68051604;34,76673727;-16,80470112;21,72888269;37,69265543;15,47961258;-2,991398091;62,6031123;50,34371062;41,35363959;-22,74770013;14,45011878;24,86141322;30,39716574;19,3349208;16,1363034;23,73134776;24,43786193;15,37774321;21,98227428;19,2609492;101,6432873;19,25101122;98,63172885;28,30839564;69,43138911;60,83554501;40,78940681
MM 3364.01;31,22780337;120,3984065;29,26952885;29,71799232;22,05248952;23,6420191;16,96109322;16,37760124;21,27736558;27,31551717;3,124016448;30,40524713;17,69547834;30,76107863;11,58607059;37,73931621;12,32292972;12,68942995;-6,076860695;27,78007186;18,82678822;14,81711967;-7,272268647;51,23471003;49,54809911;49,5188336;33,03062889;28,97966547;12,54337385;9,536436196;-33,60747787;22,9829435;17,6462632;18,8089424;-4,725450171;31,72795599;15,56447718;21,07803824;-56,28726071;213,9733298;80,73152806;76,22133835;81,86702268;26,24346165;31,85964594;-8,121291999;-14,51514584;38,66736721;37,95192059;28,57610652;-25,84629891;16,13908326;33,48686312;10,79141409;4,866358165;55,18959445;47,70133125;38,2894008;-22,87517726;18,28850703;24,87405738;34,9734582;20,3644228;18,39783081;15,83108069;25,58107153;11,88655566;10,56194222;19,10078001;100,3888116;16,4126012;96,67683603;19,15543901;85,35024331;91,12482283;42,79927268
F42;962,8211914;832,0303845;115,990367;79,87698454;152,1207034;123,090961;923,6006747;84,03481194;182,8530851;925,4267552;109,6323545;137,8303816;115,1600493;111,2718637;50,31763522;69,40350823;896,8997474;74,60810805;28,34462058;139,8066963;113,2016675;105,4766165;40,74414491;156,3571765;142,4522313;161,8891102;104,3729518;730,7059274;122,173649;84,27503567;2,195519587;134,5855493;115,9203268;98,41505545;51,7780558;129,2252772;110,5113956;129,2334065;51,31716505;266,3858714;135,5141868;143,8365735;145,6154469;80,10932737;216,3666819;61,86576863;24,09785706;136,974414;173,385426;99,84225458;28,4077697;116,2143226;770,6994673;103,1509591;69,64753572;175,8120399;174,7490818;171,809379;70,92781712;102,9375183;93,4046955;112,9216623;88,18205419;86,93173844;142,7952075;129,8579187;78,00410898;117,2749667;90,72611302;198,1992669;119,6483724;165,1306285;118,7957706;197,194882;176,2560029;136,9166669
N15;910,7125846;885,0152926;117,0551209;81,87463608;139,8296307;114,1807456;854,4002629;90,38250728;326,424621;887,8536246;115,6279505;113,3311392;127,6903521;146,2728144;68,71492501;96,89445464;809,5740429;62,20133844;21,26611772;105,2626223;90,88120289;104,630642;78,69207498;159,0567749;124,5772569;153,3518796;103,4657777;717,843012;105,7690749;90,43315901;1,745278764;119,9539135;101,1612542;101,6427102;53,44557914;142,2963158;69,85347471;113,7905503;63,54326663;952,4147409;140,678176;138,8935251;139,558075;82,79691942;235,5780637;67,64780631;73,27616399;126,1246068;807,0882213;117,5149333;58,97810315;89,68988904;752,1486795;85,77034532;615,4464087;167,3961256;160,9766537;149,6361417;91,62116837;89,72566142;109,4131389;120,8331815;92,73218372;87,13835222;142,7273023;133,5390212;108,4876258;78,76487466;71,23088752;243,9164898;74,84074732;160,6932785;97,78135877;188,3922731;187,0368765;144,5156916
CP11;909,5557651;858,4261682;119,4385045;98,19951291;153,6745939;122,9935545;889,3289318;102,2142871;878,2511429;878,2511429;121,3982389;129,8495612;90,99116124;115,6113734;79,86752766;112,8937001;835,5000827;79,2711506;43,02110657;138,9940888;154,2657694;115,6586132;60,22957972;195,7388614;183,5673304;207,0068609;145,8845356;671,2540102;120,9756502;80,08052141;2,900269278;147,1320929;118,7567679;135,4063592;81,26981112;144,5693068;101,2800723;127,7248223;74,4710965;300,6089541;143,3450929;128,2337209;134,4257922;79,19400793;258,3495455;104,2515887;65,30086661;138,6086278;156,6839246;110,2510486;53,84080572;134,1396272;695,1430041;129,4042262;100,9193423;196,1026812;177,0804483;160,4019698;100,7723178;131,6263972;138,247746;142,3609872;129,3266717;115,4899328;145,2592056;158,6281341;112,9671944;144,3859794;116,2664794;178,7938906;145,5838609;168,8819329;108,7119784;189,2980649;184,7645907;138,9979678
CP12;142,6870609;308,1729608;50,68211532;100,4457555;143,9477151;115,1537152;118,9105234;100,7775948;115,8996504;120,8018267;109,6422656;143,1538716;119,1750784;133,3022082;83,12611507;112,0884887;84,93487906;62,7795227;15,75100101;136,5646637;108,2942221;123,84557;64,20520812;142,3344037;111,0396031;151,7123713;115,8802693;83,28377213;80,06000804;46,69019565;-36,05084453;158,8241547;137,5696497;122,0137256;45,65057849;127,3344845;85,0220934;117,6958046;44,97739144;272,7717844;144,3933052;117,0254057;131,8915799;77,69835595;113,0801698;41,88278516;86,21832667;126,603268;162,0701706;115,6669977;62,68386838;100,1239677;149,1933259;98,88944441;75,74311079;171,9316535;187,904466;150,1882471;80,11504689;81,88842344;170,9631701;157,9112327;119,8495412;104,230458;152,2335982;148,7375703;95,70664436;129,9824572;100,5193844;189,4156644;99,05967689;134,8855476;126,1400894;250,1156949;200,858089;169,2512
F4;885,4887017;867,2810045;143,89102;106,6992434;199,0084266;155,7024387;805,0678656;106,5294413;811,071647;811,071647;122,9972504;171,6385127;122,8282877;153,0576945;70,99578388;116,2655283;807,6848242;74,74674586;32,60964913;184,286338;142,0662469;138,8778152;71,0242723;164,4594924;142,7621533;171,2638436;153,705023;643,6403045;136,480434;113,2315328;26,58820916;172,3768873;147,9881772;153,7483725;86,36512686;136,7180836;150,6496878;140,0370796;72,85657218;267,8089049;172,3685643;157,8448;163,6870795;88,35894829;338,8738376;67,66571086;67,37071102;168,5307825;208,2774562;158,5518441;91,09281596;165,7734767;635,0965624;147,6790857;102,2243508;188,5096838;189,7877877;196,1667078;85,96353248;131,7443269;164,7142911;156,0309492;134,5113385;121,1098551;156,0636812;160,7167273;103,7368256;177,5451129;177,904283;254,7155553;151,9546673;179,486777;181,8970356;187,0070494;159,1725084;93,14364531
F84;874,4700706;871,8659845;156,4258329;115,4857947;205,4172812;145,9882318;786,7160104;127,2264519;818,386853;818,386853;150,2906045;155,301312;133,5165701;143,8798965;96,97171062;138,7445156;795,3465871;99,79795902;35,92909492;182,7651387;163,2443786;140,3684614;85,33460252;150,8058113;131,373431;169,6887665;127,1140466;632,7804505;121,5148932;83,30157981;33,11789826;157,8605006;133,0164438;159,218533;88,02075241;129,3989984;153,7291293;128,9091533;43,18650768;251,817022;164,659878;151,9626568;168,400099;78,82846023;374,7592672;93,40395927;68,20447101;170,6909771;269,8233672;159,3262741;90,44928764;157,3148675;635,5241147;171,8260272;107,5837092;187,9643883;224,6048734;205,590398;119,1652689;155,9074609;172,6668682;159,4222103;133,4017435;109,2580683;152,7590034;142,7009323;99,47958591;197,7849874;169,2042321;241,8483994;159,2306267;205,799452;186,4212711;190,9962362;166,0694704;118,0224302
CP14;968,4276935;907,6996938;84,15567884;73,13266359;114,070093;99,75113708;958,311844;76,30791837;277,4089208;926,4713589;88,5946715;105,7224968;85,07991515;91,71713246;50,88329754;82,19210619;906,0406148;54,32287621;8,505356639;110,3205842;90,63794959;61,31475839;38,99382694;142,3449126;135,8997243;145,7377556;83,08246266;776,1706037;115,3644351;70,66202132;-16,15993602;129,1679696;113,7177265;111,0130885;44,50601929;119,9769439;87,8836516;114,4244566;15,2525137;233,9640969;120,8267685;105,1064072;119,6909313;78,79630249;268,8813761;38,72751197;23,30718693;127,7462002;190,3009082;140,1846397;42,11753442;107,128475;792,66132;108,2778692;64,82733243;163,4203317;141,6056258;153,1550741;28,33145784;96,24161703;120,1033945;117,6153713;79,7575294;86,13338865;151,2940452;94,50428753;69,0707462;126,6735199;80,49138525;175,0111933;92,96872071;132,1434551;99,68258877;187,3968261;184,6127481;136,3883616
F87;879,0800171;579,6872453;123,6808682;98,5837905;159,3947893;151,9804439;815,967287;98,20984493;835,7456331;835,7456331;117,1723551;159,3060573;111,3748594;135,9033728;73,5063111;119,488495;829,6430474;88,20941532;30,40078187;162,3375257;129,7210421;140,2262944;63,11948262;174,4682602;164,3961635;183,2614783;112,0212294;646,296298;120,3707754;105,918301;6,33546852;86,78280919;96,87386794;87,25077981;51,13491933;141,8865353;117,9775262;123,1434706;57,40830711;250,4469873;145,9145287;135,3306464;141,1670235;78,95269396;384,2095579;79,63464316;32,04909487;140,5330074;230,358692;157,5473346;24,10671807;110,0938149;638,8716359;125,1633136;73,17970369;206,1405048;190,0265424;199,5841088;68,82587071;121,3617443;140,1131226;140,0235419;111,5641958;108,7023455;145,6157259;141,3770275;75,50976719;148,0166989;143,2625651;190,4573963;123,8091285;167,3623741;136,6843338;223,9520011;210,8383494;175,3701731
CP10;120,0564452;340,4250609;116,3913641;78,45671854;113,4364219;92,93009103;85,20351498;102,3904677;86,18373561;124,1218325;122,947114;118,5315374;94,39544635;117,1225292;44,19107514;83,65853229;57,85203637;55,40297843;11,0923167;93,71418055;107,8361545;111,2157511;70,72613044;165,0159801;147,6949471;176,3939881;99,50460881;101,835938;86,4375434;67,00681186;-28,83924656;131,4839376;118,6558912;109,082851;47,05278418;117,0034599;64,07256791;120,1855263;45,97781781;252,6686039;131,3218005;116,660488;123,8949208;80,71663966;101,557064;59,52046729;30,73785509;118,743006;96,92211052;93,21132955;1,806889702;67,31521126;138,6439361;61,84338917;55,0747424;184,7826368;177,6469255;165,0935695;63,58670882;84,98820379;116,7141277;128,7417082;102,3860872;99,56505635;141,9386942;145,9912862;109,8978848;76,03626294;53,49605873;170,1515395;102,4853045;157,1234908;90,77054931;199,1404791;188,1534933;146,3683154
JIP 07/00;914,7281622;901,4862111;124,0991559;104,4414041;137,930579;121,450039;921,4363865;110,1938156;929,7499514;929,7499514;128,0331818;146,0863174;197,0497303;123,8874253;71,75934868;117,5488431;211,2260007;85,67278047;38,40178329;139,7638732;126,7976234;117,1773224;49,71988632;168,8162509;155,7067743;184,2992;135,7952102;726,5170031;134,1027707;110,2580302;22,46990486;131,9129202;118,5601215;111,1605058;58,23636636;156,2592546;122,1081733;143,3050815;60,7740374;962,9939214;154,5991288;141,536238;147,4877462;90,94559585;354,334124;101,1749673;58,52977892;154,4280955;584,2196435;102,4150997;49,97664974;133,0419038;774,1134499;138,3168314;885,8301665;153,6253688;199,0308304;206,3245674;95,52105486;116,052762;127,0223033;144,9757643;122,1193006;115,5216102;157,2287954;160,5931369;113,3913139;159,9996276;116,0803839;482,1787667;127,0429301;186,3680251;119,1121963;219,0916278;211,4662993;143,9285585
G117;954,3355977;888,6778716;137,0674997;114,3150977;165,3691528;133,9255526;906,3547609;106,8671099;896,1139326;896,1139326;118,5722208;167,3710125;163,1256833;127,6789701;68,54028428;128,407582;245,5747951;95,48880998;39,79012792;154,4673883;131,6860409;121,7744434;73,40044839;169,2375361;148,2101095;185,3080933;123,9881888;741,8837442;137,9893635;120,5301809;34,1058401;164,2758652;137,3881275;128,9650065;63,23504155;134,7079462;108,3115895;119,4979592;65,19500394;954,3355977;153,5989907;151,7855255;153,6617217;87,30950514;232,7880104;83,953427;66,01817284;179,2701468;790,3865378;157,0803672;62,33374734;127,7194506;763,6173999;133,5538264;594,9486117;190,6510177;184,6435968;196,1265969;97,98218011;109,9272241;151,6447306;144,8973672;124,5168259;105,4717279;149,9592305;146,4142825;104,0030583;158,2836914;118,9356529;364,9771389;103,7717357;202,8669218;148,1005345;240,5268447;207,5773989;161,5815106
L11;938,7809489;491,0333919;126,5068147;104,0844599;162,4776692;139,4841012;884,8022884;100,1447768;322,0312281;287,0984506;77,62446737;163,005298;162,0197521;287,6181165;84,42125576;121,3085092;331,1097719;63,46982647;18,90727182;141,1495404;116,2123939;121,297807;81,80382959;155,9893183;132,8872287;171,7893314;138,121337;731,1910139;118,9658526;109,9441215;47,17232456;123,7651053;93,96512728;108,9281045;31,25423484;125,6085168;129,7214885;110,8537387;62,85074132;938,7809489;143,8188871;131,2022112;136,2474016;83,76483878;260,1897631;65,67494365;58,79333374;138,1446134;448,8986733;111,054277;52,13470173;124,0723345;753,4590548;132,2297642;268,7394245;167,2461322;150,900181;167,0127241;77,51995472;117,8135101;116,1531094;141,5647457;59,31538628;81,99889046;119,2421461;96,78168577;64,88073323;140,3382394;118,4469108;364,1722164;93,32383194;195,982068;159,4874627;185,0146195;154,4755396;104,0635595
G97;260,2050455;306,2948737;202,2112365;157,3417463;240,321985;242,8325219;492,1701253;170,5565558;762,1028085;243,4472597;199,3486366;276,5153174;269,0998754;211,7150331;224,7665198;197,9967662;139,9844432;152,3203645;79,31355754;277,5689527;200,3633256;213,4847024;116,7839981;284,0255488;254,4672802;298,9524779;209,8048254;258,8840032;240,2771295;192,1006497;77,34199786;269,3725342;247,6492602;242,691781;158,7678509;226,757058;266,8321966;231,398958;111,3784427;754,792958;69,11989373;45,62338179;60,92967727;136,6685228;397,7721594;131,0667529;138,7953318;315,0527276;470,8368321;282,8079036;85,18008182;197,6388148;502,2359574;194,1157348;560,2116737;326,4894441;329,6931097;299,5680401;149,1148768;180,9387761;255,9240625;273,2999105;175,3027695;94,39176261;137,8728027;114,6927504;48,12802952;237,9084682;230,4612688;364,7460058;183,521947;145,5992793;269,2345615;253,2881972;266,6630667;205,7005932
RFA 295;306,1894767;737,1009188;162,3189111;119,5196592;204,8531216;167,4612604;364,8659622;138,680033;828,8135974;828,8135974;153,6061666;230,3739192;220,726787;194,0663199;162,3127373;168,7719142;800,032488;120,0296797;46,00357527;242,7507747;161,1858623;176,8549985;96,96474507;207,1357232;195,6879487;236,8309672;170,401023;619,5437821;170,1307902;129,779298;-11,31655103;220,8013803;193,435769;186,5756681;107,0342916;197,0307268;176,237424;210,2373458;78,94744714;850,6416107;119,3414403;118,3736758;126,1482881;124,4335486;491,6721177;100,2301418;128,4514958;223,2990845;560,0676467;213,5029212;60,90735628;158,7517096;604,7322575;171,8109523;524,3655497;275,2380395;264,9266754;338,0671098;109,7843643;151,7779315;195,289499;198,694647;144,1282528;89,23463714;144,1923331;122,9288207;61,6727819;206,7659489;161,4223736;407,0221273;142,2843659;171,6678983;192,3170856;273,2320754;261,7034148;222,3096
6.2;811,4517715;694,5329612;184,8859625;141,5865157;246,8784084;188,1938088;776,606848;133,4591582;275,4430721;419,4988345;207,1744419;226,8150521;178,5610698;202,4418289;150,7789639;183,5718563;250,9967445;146,2283599;80,4549423;256,231761;186,5767669;187,4136866;119,9454213;267,3871695;220,9395193;292,7847872;208,729323;498,1665136;210,0893864;187,7704443;55,89908153;239,0760668;206,5615338;232,8240181;143,0814778;186,4422196;209,4836833;228,5010358;107,9132169;361,3009725;117,2380921;105,1198971;108,0169998;137,4406795;410,0689349;120,3590432;139,311529;253,9681819;489,8870911;233,5516012;108,5873712;209,7239876;449,7006639;202,0720645;148,3790749;277,5169521;284,5760165;291,4542014;134,9425001;160,4477949;211,3549914;210,8174519;187,1906497;86,4180085;147,7035751;118,1885626;89,15979054;251,1928693;214,6049517;299,8532299;191,2920678;279,1515144;254,7427899;404,0609418;361,4881423;299,6991944
JIP 169/77(3);32,96147083;122,362691;32,67808485;39,48027123;26,06107007;33,53713769;24,00796932;16,43209605;24,93393755;22,16060907;7,925556956;20,01303767;6,228724409;25,52163982;6,587154743;34,62701369;9,398013013;13,47304636;-10,71770482;27,38612017;18,59502509;13,2095877;-6,21240662;62,23184215;52,85684466;58,47215283;26,77262699;34,53502177;9,493616913;9,68137451;-44,83957422;26,74382532;19,96462755;16,31027045;-11,303;20,31644191;10,04842343;23,9493144;-58,17716204;193,676459;83,41057554;80,6787429;88,42373696;27,64625845;30,9794488;-4,223996088;-10,87011502;43,95138302;48,14433145;31,82734388;-14,52022212;17,62673278;46,90533677;16,33028169;9,493303149;56,44019816;35,56374767;53,96748952;-26,78198006;15,79025095;16,05109279;26,54958167;26,86915009;17,38297565;32,86604812;29,57223932;15,88281205;20,05234075;18,03691817;96,24475454;15,30323476;90,62810068;21,00076209;96,87378358;80,77508839;56,78911971
JIP P04/83;920,0333085;871,9758678;142,1515319;117,4752178;340,2501846;178,0184938;858,2747204;131,1637435;866,8097554;866,8097554;170,3826068;159,9016159;131,0958141;152,3569516;95,74323909;160,1056733;841,6162723;126,5079202;78,71524131;203,4358561;141,4778035;156,9386548;102,6519166;203,7615726;171,9337387;205,829125;160,6598142;634,2819208;213,3416716;157,6527258;43,51540687;190,7483377;166,3650597;169,9216304;120,5892182;55,76677614;155,9392892;174,9775206;71,64640998;333,030859;169,7592048;159,3798737;149,483223;91,15623962;514,8279865;93,00979679;76,28274068;189,8687172;219,849237;158,2286285;96,48315953;179,9429285;676,8407744;191,8833691;131,1767308;197,6112654;208,9797205;224,5979055;118,8291805;130,7553393;159,6656008;161,7959734;145,8633102;110,9195153;157,8516885;146,860539;97,42476074;215,5699095;169,6298572;278,8078043;130,5622545;249,9563164;166,6155536;286,1367004;284,9658178;236,1427106
JIP 05/93 (3);945,8009328;938,0600683;132,3984733;103,1036558;168,6704676;146,2353215;894,8925411;109,7372764;901,1270703;901,1270703;125,0535768;887,3372868;887,3372868;141,4281843;94,96456979;123,2916961;469,4914376;97,55525972;59,09332657;157,6034444;128,7782204;134,314164;83,95204095;174,306072;131,078142;167,8367051;132,2281903;706,7884599;143,3327874;116,6421467;14,35293676;154,2428685;114,2689724;122,3412202;45,37398751;123,8097935;97,07937956;124,990389;57,95466084;945,8009328;162,992725;146,4562284;155,6318972;94,11738024;402,7781816;105,8496558;73,33002882;158,1402107;786,2797024;144,2025588;41,00177852;126,6377415;732,9963282;184,1806224;879,4406047;159,5755818;156,6643243;179,4436728;79,17114993;125,7365409;148,6541606;141,8771948;118,128302;90,37446735;148,9104719;123,8306628;75,95979486;179,1398458;104,2534347;945,8009328;122,7821879;194,8768509;137,969146;215,2323756;206,196005;147,6901426
LLS E 6103;902,1595825;884,0602318;173,7503291;142,1462121;271,0843461;191,8525673;816,4007815;132,4389272;848,8361068;848,8361068;159,369792;193,8454661;160,7391415;179,1025712;108,9441572;158,4808777;824,732117;120,1596858;69,92114196;234,4849651;164,5780717;162,9945785;110,6860534;221,839128;187,5807161;233,9633482;185,5125818;633,5142206;248,2195214;145,0260843;42,56605675;208,8352309;173,7835903;176,6478781;116,1515108;164,0594828;183,6097951;140,4843649;78,00126438;295,4713752;145,751406;134,2511173;137,2832736;124,5762412;480,9516665;126,7857197;89,78502878;181,9783307;659,0699378;159,6382952;71,25103268;239,7556172;637,7854544;226,2401702;167,5601898;273,2210017;272,6658295;279,0274888;191,1354628;192,7961063;143,4002134;152,2031867;120,3718425;86,00294129;128,8640959;136,7842932;76,57123372;275,7460244;220,6563759;310,2018954;165,5130151;272,4952371;175,8084646;284,1985345;247,5213073;197,905327
RFA 378;37,08417084;125,8809509;42,70564549;36,34288927;32,65717626;35,89355895;21,77970001;17,39445738;13,61940827;21,97031796;-2,531030522;26,40888095;5,747132031;22,58266004;-8,794305164;28,00871212;12,96956224;10,31518663;-14,87416261;20,49576525;19,11105934;14,08411683;-3,851848131;55,05502713;42,45980737;44,47437807;24,85819145;60,21067064;28,63638827;19,91520719;-35,16010816;17,74793715;9,21515824;18,48568609;-14,97919074;27,42162365;8,818799856;13,06220332;-40,63600762;173,4695647;87,68686278;81,55056322;92,73929617;18,14220237;36,88061914;0,802100128;-14,27860364;34,00043335;33,578798;14,88743109;-24,89798548;14,96636177;22,16136857;13,93759637;2,923424968;52,98278922;54,24822289;36,42101132;-30,18378467;11,49009576;26,04327139;27,28863961;12,88013793;25,10441316;38,20381542;29,07889979;12,19326783;17,81761205;4,120350279;105,0730139;16,63903247;98,3526088;27,17489102;83,58609743;78,23560991;32,78983185
10040100629;30,88757308;563,839705;28,94981825;22,81984916;19,56741378;17,93943216;16,56118929;20,96671157;18,18152814;29,31564926;3,510146124;11,58514274;3,164437434;22,94918126;13,86362628;35,32534842;5,664821955;8,976748294;-18,23442624;27,42432608;14,61330906;18,49283446;-6,744088386;248,9318967;217,5674905;270,1770677;170,6832777;226,6575484;234,3206028;196,3916521;59,39802392;23,65396802;15,80767692;21,01306572;-12,3636182;210,5269436;14,81304408;240,4543086;37,25717207;211,2281128;354,350051;317,2200495;343,229709;11,35359941;28,49703289;-8,143479616;-35,91384705;44,36173487;39,25254941;25,21389446;-33,11589197;23,7738173;37,87353116;19,85468748;4,668136273;62,83476498;57,20315524;46,31819923;-39,35032601;10,85589295;20,43168538;31,81773228;18,15674901;120,0934349;162,0692102;130,0593483;79,83514205;24,67929915;17,47306653;100,3023907;15,17304774;95,42765898;23,36627235;99,28997446;78,52498611;53,27079563
8.1;954,6380799;842,1667103;139,0132226;118,4147601;181,1326909;150,4318569;907,4471899;126,9859819;910,1917742;910,1917742;125,4786182;160,684398;127,6292772;166,2124141;123,4642008;144,535374;316,3061003;99,82859387;36,11126682;206,7612064;159,9689281;153,3961722;77,98057013;188,6251599;163,057992;205,0223087;154,8033415;777,7122099;253,7984591;147,4479144;44,83526977;182,4615197;169,0874512;156,5512057;86,19209442;164,4097506;146,0354785;175,8289966;56,75709839;261,7477767;161,7652909;144,5263473;151,6024523;102,2453928;511,7000977;131,9151594;105,7505021;182,380542;793,2648053;180,8369452;69,24917078;165,1681418;778,9638582;209,1029557;117,0659313;220,4701534;217,3309384;211,1735353;80,51749942;213,5829021;161,8009044;167,6342725;129,1974676;78,34342271;146,9949523;125,2586291;71,81909896;222,1492571;129,6148417;243,0884506;164,7707103;204,3826967;168,9391575;224,5320282;223,4316755;150,912647
L2;960,9296234;867,768844;111,8726178;85,51570694;146,2561613;107,4984829;923,8630256;79,17738207;180,4312422;918,1731386;113,6659086;131,1665686;106,6775522;118,8744585;58,49298445;92,94387466;894,5445161;78,77800357;27,98811355;144,8639068;124,1857612;133,8086919;81,3803457;165,3215999;149,1942875;176,9501365;126,1174663;704,4816092;130,5815372;110,057851;21,96863099;143,6018202;128,8643771;124,2199532;85,25054233;141,9964384;113,2233388;140,6205505;11,34652932;277,2318205;163,6912645;148,1494212;154,0735102;76,70596516;219,7179057;86,79222488;25,52118201;132,0288072;168,5028621;118,719875;21,97931828;121,9796026;777,0100925;109,3239941;74,66258314;167,9204881;169,851489;170,6468626;50,4976541;122,247955;113,4427184;125,3714549;93,5841382;99,42577521;146,8635657;134,7635478;68,72451942;134,9954047;91,20706826;194,9543837;143,356481;155,4512591;132,925275;204,1871728;211,2247522;146,4500425
L3;967,692419;898,2589633;125,6951432;92,51269184;146,6391379;127,3388689;916,313031;91,51734901;918,5408414;918,5408414;105,9594949;132,0649176;117,0917549;141,4816155;100,7101307;107,9538864;894,6306048;85,7982511;38,8049584;143,7686644;122,8265881;120,02198;71,76670938;841,1399825;158,8670412;202,898616;841,1399825;751,3404633;135,0863022;130,6222973;24,00069102;139,4331916;121,2059424;133,6349383;70,40412892;137,9743934;98,19660927;169,2535315;36,69111029;287,7539856;185,1756743;160,6025019;180,8652379;87,99660947;322,9614007;77,70803977;83,43495373;152,0131489;528,5962741;149,4717467;63,00018131;115,5112399;780,8501108;114,7544661;101,8439144;187,1567562;196,4791436;190,0152537;57,68444787;116,9109186;131,7986855;140,7483933;119,685604;120,8736586;164,7429917;150,3246278;99,64518181;146,5399924;98,30553041;204,4802087;110,8598629;169,9855906;101,9301178;237,769582;243,7650566;185,7533742
L7;916,1763531;858,4030534;117,2756645;151,4466417;129,8330354;117,438815;651,2952385;79,47090614;125,9700553;271,3957272;100,7247788;126,8532294;83,48101975;110,1128274;79,33547027;167,899437;836,2335995;85,18400505;44,20350512;142,9896766;104,9570878;85,41481061;57,95124304;162,9581138;119,51638;169,3153098;133,5700156;691,9518699;117,9030946;119,451004;14,72603737;159,6985038;132,1761238;140,9810835;86,92681617;145,1010022;135,2474601;149,4137223;49,64735544;916,1763531;144,2778293;132,0799473;135,6640125;79,05098527;193,534009;55,19614047;46,98921772;155,7130393;649,985247;138,5422371;45,48012028;119,4207027;719,4047722;115,9507652;89,19228968;175,4384008;172,159906;178,1514624;69,27170557;80,79455545;130,085444;141,184651;127,4791817;94,7161848;153,6524633;138,2486634;90,3806298;139,3878675;100,7023093;201,0700219;109,6820151;170,6020756;111,7561515;220,3091276;199,9125697;169,4891509
CP1;32,78741591;101,538341;32,58007462;38,87015879;29,96088714;31,28855167;22,11310241;16,19427738;24,96682169;23,6369842;3,259597256;20,52253201;-0,270660811;12,80437301;-19,77176164;41,22401045;11,26889595;16,62359624;-7,043359188;20,02486392;17,44964049;17,68517531;-7,813894147;48,25058734;39,84921932;48,34389247;19,01947061;39,50142964;15,03723053;2,367842191;-48,36267069;23,38853501;17,5424506;21,38697321;-14,09256693;36,99840485;17,87742563;21,35533978;-51,70510314;160,0751915;66,29955872;63,66873971;72,52782524;34,63203781;43,43692989;-0,005563375;-23,92339892;40,57560638;49,88241605;26,09639126;-33,21145935;17,56688864;35,03375014;12,44387011;3,667206287;53,27366083;45,99455076;50,27167546;-43,9490241;15,11036452;26,44596205;28,69284216;18,29586283;22,08775027;29,97778338;30,60160373;15,86953519;17,55180625;12,65835972;84,49779702;19,81613744;76,75399347;27,16339667;83,8136214;72,91454069;51,24341459
CP7;936,7959915;853,227015316667;116,102047466667;85,6417290333333;173,201211516667;117,53976345;825,072708933333;77,54584656;154,61540555;848,868732116667;93,304061245;155,171401466667;107,57425836;117,505243416667;87,3013060916667;105,951504083333;867,482304966667;76,2443644183333;24,6183407416667;139,803604416667;117,737608916667;127,725612116667;59,927186355;105,582360188333;109,755330903333;118,928436983333;45,9213041783333;600,4029356;74,9946471133333;57,0288022888333;-75,1499909283333;144,2829078;125,0146491;115,152944588333;67,19835901;110,747814685;100,721945738333;88,1712614216667;-18,8769749355;319,0190901;132,722339033333;124,87628535;133,71541415;67,36291758;207,658418116667;51,583140945;-24,6562106116667;97,631171015;182,299509083333;77,743844935;-41,331580338;122,230098471667;661,773197933333;94,8764609133333;69,5796898133333;155,629713216667;146,467693116667;129,706105173333;14,2783268221667;113,667915171667;129,3920102;142,61522935;110,883334811667;107,106031468333;166,192023466667;149,744422583333;93,79040314;116,24746076;83,554133105;189,551054483333;117,168851966667;156,040860283333;126,554291516667;172,7674302;149,347926;97,960339325
F2;169,6129024;299,13242935;162,602966983333;103,196377278333;195,694451366667;178,445757016667;187,403905916667;305,945378366667;194,233989316667;152,530101266667;138,339178583333;183,10619505;144,3165478;177,013270183333;125,114012233333;123,430861956667;99,0452720716667;94,06074678;36,9199985608333;197,068624;138,291201266667;147,63287895;87,0003057366667;178,451008933333;164,489769183333;190,968649866667;147,763120051667;141,991583983333;115,106954675;120,354931881667;14,547398061;193,471779666667;168,669549683333;169,61753555;95,1059855166667;167,792719216667;143,169181218333;166,021854183333;67,6054777516667;871,833864183333;141,923659416667;130,276148483333;138,168869833333;90,9562813283333;150,97120625;78,06687619;71,5012086483333;178,639819766667;222,412751316667;156,098355216667;63,4738524226667;97,7887770716667;614,240669766667;120,743582025;111,205951245;209,940398716667;196,8177453;203,793469416667;79,20704205;114,996813433333;163,168741481667;171,413730331667;139,858180928333;97,958773935;140,530140133333;133,04707395;87,0652946233333;142,43582215;133,527973565;221,21010235;127,463581933333;180,972763466667;181,0816968;245,026843516667;233,902252683333;184,572784516667
EGDe;623,4240347;720,34855655;93,55081673;53,58357875;112,4029463;97,598347;125,1165646;63,658386925;59,635772745;637,943752;58,84660982;69,547948245;53,388613635;72,558752625;36,502141285;66,8967182;528,03903485;58,52722999;7,038133642;87,858427675;90,16564109;89,85513258;31,644094085;123,15688235;138,94140305;127,30923685;82,23918579;616,15155435;99,091725085;91,38487674;-31,33649581;78,83794729;70,192913645;88,97196669;46,53620228;121,1153679;69,561591505;75,417106475;-28,4553024705;317,9170367;112,09865295;121,3169051;125,39448115;41,890871705;63,956972155;49,752224865;7,278817468;108,15511945;407,78309555;90,922528305;-4,9814044075;85,326133235;552,4846918;73,460851555;67,50144274;130,1638492;119,40238015;117,67862405;25,38075134;90,70504622;79,411456645;90,94334145;77,31639493;86,570163765;119,69854435;138,2343534;78,79669568;109,80117215;79,76451973;145,7654979;77,65756569;126,75785705;80,24223737;183,78219185;169,32521025;140,62393915
