;ATCC35586;CIP102035;DSM20624;3Ba.2.II;RFA 345;DSM20590;JIP 05/93;LLS E 6926;F1;C4;JIP 19/00;JIP 23/91;1A4II;RFA F54;F48;F73;3BO4;5.27;F14;CP32;L1;F86;CP23;CP4;CP5;F29-1;F7;F44;LMA28;DSM20342;CP3;F33;Me I,5-02;131120027309;JIP 20/85 (3);DSM20344;F88;CIP100481;IFIP 710;9.4;JIP 14/92;F43;CIP101342;JIP 28/91;CIP101354;LLS R 919;MM 3365.01;MM 3364.01;F42;N15;CP11;CP12;F4;F84;CP14;F87;CP10;JIP 07/00;G117;L11;G97;RFA 295;6.2;JIP 169/77(3);JIP P04/83;JIP 05/93 (3);LLS E 6103;RFA 378;10040100629;8.1;L2;L3;L7;CP1;CP7;F2;EGDe
F2;336,1525086;947,9159059;941,1711922;761,7166923;26,85355677;119,0988093;937,3674306;936,8468014;851,5108815;887,4141382;878,8617235;791,0625082;826,3018428;212,4957805;961,5094691;940,1757627;886,687754;833,4822705;869,1387762;877,5986306;377,5176306;905,2468792;136,1124984;128,7175277;210,0553213;411,4097708;934,1236627;949,0186655;114,4633592;893,6043744;160,2022583;956,619653;858,0981474;37,91194181;927,2441346;905,8436002;176,6896626;738,7122835;956,0390278;442,7757472;957,3915477;757,5921385;159,7610863;856,2421181;919,4173749;889,0859267;32,44748724;31,22780337;962,8211914;910,7125846;909,5557651;142,6870609;885,4887017;874,4700706;968,4276935;879,0800171;120,0564452;914,7281622;954,3355977;938,7809489;260,2050455;306,1894767;811,4517715;32,96147083;920,0333085;945,8009328;902,1595825;37,08417084;30,88757308;954,6380799;960,9296234;967,692419;916,1763531;32,78741591;936,7959915;169,6129024;623,4240347
10040100629;412,4025832;855,3644996;770,0553907;675,1559647;111,1230857;818,5313686;937,3674306;936,8468014;742,6475069;622,495604;760,8471838;697,0525114;787,7631566;335,4707394;961,5094691;869,1275731;727,6744389;789,3775071;869,1387762;877,5986306;561,9703005;873,5147807;366,0190116;544,9092025;807,5472078;750,9623945;775,4872547;868,9495665;301,7799493;843,8176676;515,7359664;857,0791734;249,3951573;118,1454524;854,7257606;905,8436002;322,2480631;738,7122835;865,2978876;456,8038309;845,474139;679,2440763;288,9533387;835,6788803;891,2766558;889,0859267;99,64642219;120,3984065;832,0303845;885,0152926;858,4261682;308,1729608;867,2810045;871,8659845;907,6996938;579,6872453;340,4250609;901,4862111;888,6778716;491,0333919;306,2948737;737,1009188;694,5329612;122,362691;871,9758678;938,0600683;884,0602318;125,8809509;563,839705;842,1667103;867,768844;898,2589633;858,4030534;101,538341;853,227015316667;299,13242935;720,34855655
CP7;62,66548155;158,3802654;122,0280265;211,0313158;24,88989557;105,3997961;130,6846377;133,5945017;165,9854255;162,3700292;168,4689966;115,2801294;196,2696607;165,4185606;142,4537993;124,1583948;163,2109574;129,153909;154,1558038;161,6366221;111,5860785;158,9622565;113,3217634;143,4143889;67,87541518;105,9123788;111,9538019;111,3663557;90,49743372;162,4180925;133,9673037;95,0334918;118,6289915;17,72359704;113,2135584;201,5394349;162,1060759;233,6767861;122,3073601;119,6599089;125,0630722;345,1928666;147,9200042;856,2421181;204,6179219;193,6583509;27,4658659;29,26952885;115,990367;117,0551209;119,4385045;50,68211532;143,89102;156,4258329;84,15567884;123,6808682;116,3913641;124,0991559;137,0674997;126,5068147;202,2112365;162,3189111;184,8859625;32,67808485;142,1515319;132,3984733;173,7503291;42,70564549;28,94981825;139,0132226;111,8726178;125,6951432;117,2756645;32,58007462;116,102047466667;162,602966983333;93,55081673
ATCC35586;35,49705712;56,71269838;72,37532336;101,8126271;18,39672199;165,3307803;106,5857957;105,1288869;92,27557827;103,2983409;115,7854604;1,509218108;114,4298889;92,7251937;118,0416432;77,75077439;102,3194146;89,21950639;99,77095681;211,2807388;102,3136437;124,4196628;94,09423857;63,1997388;80,1179226;56,79438438;88,98761667;79,19644044;59,99288107;130,6072252;87,14609778;56,38765131;128,9104879;32,39757873;77,30178732;161,6935994;111,7927167;23,77376338;84,76772031;79,19243768;95,35764536;115,0521774;102,7527115;94,40417844;135,0960644;130,1722377;33,28534839;29,71799232;79,87698454;81,87463608;98,19951291;100,4457555;106,6992434;115,4857947;73,13266359;98,5837905;78,45671854;104,4414041;114,3150977;104,0844599;157,3417463;119,5196592;141,5865157;39,48027123;117,4752178;103,1036558;142,1462121;36,34288927;22,81984916;118,4147601;85,51570694;92,51269184;151,4466417;38,87015879;85,6417290333333;103,196377278333;53,58357875
DSM20624;52,84073834;343,1620971;146,773162;290,1232304;6,615312032;272,9708357;158,9147367;161,2966021;322,5207914;349,6730436;231,9095558;98,38666807;786,5155224;195,301873;207,3138557;171,5320315;219,6350122;181,1269192;613,5347751;210,8374683;155,9981834;223,1417767;141,6532649;107,023423;129,9952827;129,7896695;155,1713944;131,3627328;104,3622058;231,2118237;139,5122744;130,8854112;222,1862967;22,25346528;178,9081001;852,2604651;215,6133937;31,06692455;154,8468272;145,3453647;154,4010962;239,3044302;186,628422;772,9056633;226,1760753;222,8894575;19,98240805;22,05248952;152,1207034;139,8296307;153,6745939;143,9477151;199,0084266;205,4172812;114,070093;159,3947893;113,4364219;137,930579;165,3691528;162,4776692;240,321985;204,8531216;246,8784084;26,06107007;340,2501846;168,6704676;271,0843461;32,65717626;19,56741378;181,1326909;146,2561613;146,6391379;129,8330354;29,96088714;173,201211516667;195,694451366667;112,4029463
1A4II;52,85051542;80,56964765;106,7856408;188,7407487;16,08850934;228,067444;125,541468;121,3521911;167,5048619;166,3658163;167,8724976;52,20189401;199,3057655;160,3098931;162,3677946;138,8290381;183,0141612;141,2442174;156,3069951;155,487778;112,5740761;146,4264059;109,8905766;106,8634984;107,7006061;97,47084934;114,3903949;115,539586;96,67605096;202,2830119;112,3750553;107,9904724;180,7023527;24,2606955;126,5556299;262,2055303;176,6627515;35,36710697;135,4667459;114,6809434;136,719847;172,7294913;150,8986432;155,2150049;181,2390732;175,8441514;27,54966336;23,6420191;123,090961;114,1807456;122,9935545;115,1537152;155,7024387;145,9882318;99,75113708;151,9804439;92,93009103;121,450039;133,9255526;139,4841012;242,8325219;167,4612604;188,1938088;33,53713769;178,0184938;146,2353215;191,8525673;35,89355895;17,93943216;150,4318569;107,4984829;127,3388689;117,438815;31,28855167;117,53976345;178,445757016667;97,598347
L1;179,1255751;905,8897813;912,8973263;757,8820682;10,77694856;759,9988067;885,6543855;890,4025024;821,754079;864,6644849;832,0777203;639,5329635;786,5155224;207,1275591;878,1624441;872,5684335;845,7275306;729,0416395;850,3616131;732,4971428;116,380618;823,7599179;90,26799625;131,7790497;146,423611;211,6875832;133,8387012;898,3402013;87,70063349;879,9225138;140,2566279;862,1077182;313,137101;15,34896718;905,7836433;852,2604651;192,6209244;25,47060419;910,4323751;473,8124225;337,4649373;691,3013083;188,1059419;772,9056633;842,426797;824,6550805;15,69475451;16,96109322;923,6006747;854,4002629;889,3289318;118,9105234;805,0678656;786,7160104;958,311844;815,967287;85,20351498;921,4363865;906,3547609;884,8022884;492,1701253;364,8659622;776,606848;24,00796932;858,2747204;894,8925411;816,4007815;21,77970001;16,56118929;907,4471899;923,8630256;916,313031;651,2952385;22,11310241;825,072708933333;187,403905916667;125,1165646
CIP100481;37,21974555;57,18037735;104,788613;164,6336213;10,9742063;163,5887379;109,1266883;124,1394888;114,4891186;131,0179683;132,2325699;35,35125863;162,1019594;127,5779178;125,5522796;70,067731;115,6604901;114,3470012;140,4128276;104,2130056;100,6284426;146,9508578;104,1435917;74,13121159;76,07582664;73,35208551;94,19755655;96,08940893;95,94938986;128,3106529;104,5651605;79,54290702;133,6044974;20,19823014;100,9693201;165,9081624;134,4002723;144,8586162;97,52521339;93,69175128;91,18407543;129,4475731;120,704701;119,8543608;131,8336275;141,7107502;19,19225912;16,37760124;84,03481194;90,38250728;102,2142871;100,7775948;106,5294413;127,2264519;76,30791837;98,20984493;102,3904677;110,1938156;106,8671099;100,1447768;170,5565558;138,680033;133,4591582;16,43209605;131,1637435;109,7372764;132,4389272;17,39445738;20,96671157;126,9859819;79,17738207;91,51734901;79,47090614;16,19427738;77,54584656;305,945378366667;63,658386925
DSM20344;35,90113987;323,9359339;952,173073;401,5664763;12,69151168;781,5525932;888,8666488;874,8351739;829,8345104;847,8970045;840,1250575;335,4062816;831,0364078;823,2690185;882,6565734;882,1496769;195,7474938;934,2397428;448,3397033;114,2417884;130,1469991;183,3929833;120,9960931;97,12381796;114,9058142;122,8186036;171,1554805;207,4889385;104,4474416;136,0291294;98,66094808;192,0136039;835,8521645;25,34272818;423,5709359;184,8867788;189,5196457;743,591407;266,2277494;271,4901339;386,0363751;752,8134638;187,976736;801,116168;863,3901783;838,8637611;27,26467281;21,27736558;182,8530851;326,424621;878,2511429;115,8996504;811,071647;818,386853;277,4089208;835,7456331;86,18373561;929,7499514;896,1139326;322,0312281;762,1028085;828,8135974;275,4430721;24,93393755;866,8097554;901,1270703;848,8361068;13,61940827;18,18152814;910,1917742;180,4312422;918,5408414;125,9700553;24,96682169;154,61540555;194,233989316667;59,635772745
F88;322,6160424;905,2717443;881,2345133;492,9180433;16,30670471;781,5525932;888,8666488;874,8351739;829,8345104;847,8970045;840,1250575;678,9073218;831,0364078;166,2338593;882,6565734;882,1496769;850,4548373;712,8169692;759,2755929;820,4762688;909,4722956;830,5439994;105,566598;134,4477285;188,2861123;867,5105108;894,3785273;887,7286292;115,2021721;844,2657257;154,8307764;928,6574161;835,8521645;32,7743017;389,9533976;832,0480818;147,183676;743,591407;923,711307;434,9498841;923,1052338;752,8134638;136,3559353;801,116168;863,3901783;838,8637611;27,45243408;27,31551717;925,4267552;887,8536246;878,2511429;120,8018267;811,071647;818,386853;926,4713589;835,7456331;124,1218325;929,7499514;896,1139326;287,0984506;243,4472597;828,8135974;419,4988345;22,16060907;866,8097554;901,1270703;848,8361068;21,97031796;29,31564926;910,1917742;918,1731386;918,5408414;271,3957272;23,6369842;848,868732116667;152,530101266667;637,943752
JIP 20/85 (3);41,07629918;83,66728818;106,323625;181,5745275;5,156403851;204,1311721;123,5626324;138,0497147;152,9330569;168,738486;178,5082715;63,71264802;188,3516927;146,8201058;135,4969741;112,4933894;168,7973398;131,762736;163,970548;186,0219328;120,5467795;161,212345;130,6643897;100,4721079;109,3102776;112,5138665;111,84413;103,675695;88,40067214;194,3010071;108,1559573;80,43518353;171,7159289;2,197299661;102,6203395;244,5508009;127,1718182;197,4197132;110,769527;104,7848196;104,0005496;194,3475085;111,7258446;159,2631682;132,8209546;152,4660342;8,756610075;3,124016448;109,6323545;115,6279505;121,3982389;109,6422656;122,9972504;150,2906045;88,5946715;117,1723551;122,947114;128,0331818;118,5722208;77,62446737;199,3486366;153,6061666;207,1744419;7,925556956;170,3826068;125,0535768;159,369792;-2,531030522;3,510146124;125,4786182;113,6659086;105,9594949;100,7247788;3,259597256;93,304061245;138,339178583333;58,84660982
F86;52,40784579;215,8666447;146,5836911;238,9753946;25,87062333;311,7063307;435,6624013;880,5594999;183,266402;203,2967179;207,1077557;191,6063672;227,6482474;189,8768154;243,0495089;155,3958647;187,3961786;165,5638436;242,9816202;192,4125177;159,4666515;258,680495;157,5199145;377,9839843;150,5858477;143,06923;156,7053134;134,4870335;137,2522993;226,2776419;171,6163936;117,6999184;190,4747098;27,41023958;146,9539063;346,4293322;189,5143624;649,7465819;154,2325955;155,5023619;166,0421785;767,6047698;167,5200622;784,7929931;848,4755777;842,0347194;14,85127559;30,40524713;137,8303816;113,3311392;129,8495612;143,1538716;171,6385127;155,301312;105,7224968;159,3060573;118,5315374;146,0863174;167,3710125;163,005298;276,5153174;230,3739192;226,8150521;20,01303767;159,9016159;887,3372868;193,8454661;26,40888095;11,58514274;160,684398;131,1665686;132,0649176;126,8532294;20,52253201;155,171401466667;183,10619505;69,547948245
L3;42,85503758;301,1569258;152,8664744;179,1742955;3,08087999;392,2718716;889,3253468;880,5594999;141,5642119;181,4333538;146,5039876;99,15072594;214,4529872;144,0823354;135,9115052;97,603934;146,1179865;136,3227269;266,4883631;138,3593067;117,0531509;186,2325873;126,5457363;94,14072821;111,1859184;91,00826804;116,0699024;101,8998911;76,77376288;160,5737481;132,4266458;97,27124074;127,3250775;15,80713492;107,3413061;211,0244028;133,4611283;186,4024928;110,6894519;116,2152558;129,927372;160,1112785;141,4526727;784,7929931;138,7171949;160,3047891;5,64657813;17,69547834;115,1600493;127,6903521;90,99116124;119,1750784;122,8282877;133,5165701;85,07991515;111,3748594;94,39544635;197,0497303;163,1256833;162,0197521;269,0998754;220,726787;178,5610698;6,228724409;131,0958141;887,3372868;160,7391415;5,747132031;3,164437434;127,6292772;106,6775522;117,0917549;83,48101975;-0,270660811;107,57425836;144,3165478;53,388613635
MM 3364.01;52,80459934;100,4691087;110,8081313;213,9536193;22,46591078;205,5188409;132,1278899;166,449165;155,4932775;177,8288534;164,7342335;73,31335224;186,1502816;159,367976;154,7845094;125,5405041;153,2980208;134,789993;156,9954376;152,2095938;123,8076666;193,1108364;127,1057714;97,45472887;129,8259654;102,4834116;130,2608;116,2542588;112,251828;205,3337862;144,6128684;105,3068099;160,1295397;25,04075282;103,9528939;251,5886518;169,200608;219,3642525;115,8235881;127,298159;136,5831809;178,4561528;197,4705647;177,6481231;181,9246197;186,5317844;19,5252787;30,76107863;111,2718637;146,2728144;115,6113734;133,3022082;153,0576945;143,8798965;91,71713246;135,9033728;117,1225292;123,8874253;127,6789701;287,6181165;211,7150331;194,0663199;202,4418289;25,52163982;152,3569516;141,4281843;179,1025712;22,58266004;22,94918126;166,2124141;118,8744585;141,4816155;110,1128274;12,80437301;117,505243416667;177,013270183333;72,558752625
MM 3365.01;104,6549413;79,84637074;84,9876527;217,1183203;20,89924574;237,5342024;113,2635771;142,4436931;144,3118682;212,3187633;130,5200047;112,0322368;189,0996841;151,1913518;168,2994504;103,2769336;141,0123028;113,9019924;149,1569595;121,6758508;83,2700985;191,4437571;93,38265111;65,61804584;112,6770801;91,40352353;84,48101845;61,16799635;63,90286936;139,7036186;92,32520339;54,24902324;150,4795853;4,257301462;51,21070145;194,3636876;84,46376216;189,4181585;63,34831119;121,5220331;82,76310473;124,4796996;93,16898798;141,1111524;109,6383454;148,1668116;9,228169152;11,58607059;50,31763522;68,71492501;79,86752766;83,12611507;70,99578388;96,97171062;50,88329754;73,5063111;44,19107514;71,75934868;68,54028428;84,42125576;224,7665198;162,3127373;150,7789639;6,587154743;95,74323909;94,96456979;108,9441572;-8,794305164;13,86362628;123,4642008;58,49298445;100,7101307;79,33547027;-19,77176164;87,3013060916667;125,114012233333;36,502141285
F42;46,85829687;80,33789355;142,9682831;187,3811393;31,56971409;203,5656806;129,1188964;127,0905945;139,9529784;167,0475664;183,1804905;98,69690423;200,390667;146,4697328;148,8641342;93,58720022;172,6247952;140,5476814;172,0515354;136,8864393;100,9709431;194,3065334;92,9039332;111,5978677;136,23342;140,2888483;132,8494873;110,2549123;103,7145779;233,4729049;101,0880421;97,17579851;158,6638817;30,69109524;103,6155707;213,6683134;127,0299861;167,2719527;109,0756421;100,1634668;121,3855034;178,4809869;121,1085386;137,9475997;139,9156901;144,792469;30,47208053;37,73931621;69,40350823;96,89445464;112,8937001;112,0884887;116,2655283;138,7445156;82,19210619;119,488495;83,65853229;117,5488431;128,407582;121,3085092;197,9967662;168,7719142;183,5718563;34,62701369;160,1056733;123,2916961;158,4808777;28,00871212;35,32534842;144,535374;92,94387466;107,9538864;167,899437;41,22401045;105,951504083333;123,430861956667;66,8967182
G97;256,7807507;887,8623937;200,1024279;744,8483949;8,668273149;370,1509251;473,1320404;587,4550155;813,5261925;830,7306502;813,3069951;471,9255909;782,3685054;112,6006952;863,98413;861,5378384;829,1155122;184,902937;821,4992026;257,0544156;277,7019654;809,3958516;46,33761342;79,63221133;131,651915;839,5552856;530,0682251;871,6290496;60,33156013;828,3514272;65,268587;897,4143865;564,5691136;10,39614378;854,796346;817,3586671;96,54996164;698,9787007;880,3750172;407,798402;628,1676974;722,2838056;95,41328305;215,9424301;830,7110995;828,185226;7,145043481;12,32292972;896,8997474;809,5740429;835,5000827;84,93487906;807,6848242;795,3465871;906,0406148;829,6430474;57,85203637;211,2260007;245,5747951;331,1097719;139,9844432;800,032488;250,9967445;9,398013013;841,6162723;469,4914376;824,732117;12,96956224;5,664821955;316,3061003;894,5445161;894,6306048;836,2335995;11,26889595;867,482304966667;99,0452720716667;528,03903485
L11;36,88805225;65,12352873;116,2024655;157,8843072;14,68503953;171,8181904;113,5196649;106,4037045;112,9496998;143,1382129;163,8515194;36,86138596;162,8892436;127,443405;112,1750393;82,68944745;138,7457117;107,2984016;165,4287254;113,3195642;93,82571926;124,4147847;62,35007071;83,4988518;98,35157584;80,63119272;88,67716266;76,7250635;72,73755317;147,201254;81,65531897;77,82651863;127,1936506;8,03669674;91,31061749;175,3769655;89,17716527;125,8846303;91,59540076;83,34882029;93,2240087;124,4588702;95,14517923;102,5220139;115,8244352;112,5446298;5,579271427;12,68942995;74,60810805;62,20133844;79,2711506;62,7795227;74,74674586;99,79795902;54,32287621;88,20941532;55,40297843;85,67278047;95,48880998;63,46982647;152,3203645;120,0296797;146,2283599;13,47304636;126,5079202;97,55525972;120,1596858;10,31518663;8,976748294;99,82859387;78,77800357;85,7982511;85,18400505;16,62359624;76,2443644183333;94,06074678;58,52722999
8.1;16,80771558;35,56650853;56,80332098;53,43839035;-6,774221716;82,28353143;50,71682407;51,89734832;52,17982718;69,67563967;100,6069795;-16,64930171;84,88255951;64,48941192;53,9926741;48,62458039;77,69913958;46,24801853;79,88667116;63,46902509;39,53642086;43,57693341;-7,633380314;32,29290509;37,99187505;44,29442006;36,09111529;32,60042885;15,91766548;85,52586526;7,734727683;27,65004967;72,78436821;-19,28480332;29,14458886;106,4368319;15,76360336;65,06075868;30,31968515;25,40198694;47,10548539;75,92792655;28,69418205;50,73545567;58,33706254;56,42894761;-18,94601752;-6,076860695;28,34462058;21,26611772;43,02110657;15,75100101;32,60964913;35,92909492;8,505356639;30,40078187;11,0923167;38,40178329;39,79012792;18,90727182;79,31355754;46,00357527;80,4549423;-10,71770482;78,71524131;59,09332657;69,92114196;-14,87416261;-18,23442624;36,11126682;27,98811355;38,8049584;44,20350512;-7,043359188;24,6183407416667;36,9199985608333;7,038133642
F4;52,07010661;534,544142;130,63185;229,9571972;21,5403081;276,3035906;175,017168;180,2153491;198,2159635;202,105919;213,7471845;106,647204;262,2599954;226,6922425;174,800315;157,1368092;203,4492853;159,6478512;202,3090249;154,6848246;128,1913564;242,8171412;203,1980509;189,0982341;134,2543157;136,3689867;136,9515194;127,5469733;93,46154087;226,7367031;145,4170367;149,604631;228,1648014;24,77986814;145,8507016;259,055275;203,4595181;278,3835351;218,257659;167,8265646;221,3960934;379,5102577;162,7377726;476,2278496;455,3091257;370,3399501;26,84393031;27,78007186;139,8066963;105,2626223;138,9940888;136,5646637;184,286338;182,7651387;110,3205842;162,3375257;93,71418055;139,7638732;154,4673883;141,1495404;277,5689527;242,7507747;256,231761;27,38612017;203,4358561;157,6034444;234,4849651;20,49576525;27,42432608;206,7612064;144,8639068;143,7686644;142,9896766;20,02486392;139,803604416667;197,068624;87,858427675
L2;44,48679928;83,87971432;132,8295568;207,478211;17,56953218;154,1797863;142,8157296;149,2366243;132,6684871;135,6790763;134,3687828;75,32081118;190,9163755;176,123691;145,9366998;117,5362959;155,307012;111,7140088;152,5568785;125,9748681;131,8526166;192,0651076;128,0951603;115,394127;134,1352918;92,73586037;130,136849;113,9338319;94,29253265;140,5498935;128,557319;98,51815699;122,1821167;14,98341159;116,8924406;235,7454491;136,3487567;164,411238;121,9555852;115,7337866;120,8587967;161,2305332;144,5386825;155,2052295;177,4981761;157,0648847;16,3069666;18,82678822;113,2016675;90,88120289;154,2657694;108,2942221;142,0662469;163,2443786;90,63794959;129,7210421;107,8361545;126,7976234;131,6860409;116,2123939;200,3633256;161,1858623;186,5767669;18,59502509;141,4778035;128,7782204;164,5780717;19,11105934;14,61330906;159,9689281;124,1857612;122,8265881;104,9570878;17,44964049;117,737608916667;138,291201266667;90,16564109
L7;50,61612078;89,18267965;112,8907946;204,9293197;19,18324603;210,6858708;150,8376589;150,683731;158,0402854;151,1879777;168,983647;103,7817541;214,490379;164,3891587;147,0067346;114,725081;169,9581729;121,7315365;169,4650856;156,1737528;123,9680981;159,4779415;124,9503334;121,3118929;113,2834494;108,052914;119,4388599;99,85649156;100,0035837;151,1000753;123,1298321;101,4644755;151,5031493;21,28920357;93,88893744;224,4707202;165,7273497;172,249678;122,3835372;114,4470661;105,0118746;153,6008612;162,0237274;135,2308729;168,8765728;160,1011794;12,16996553;14,81711967;105,4766165;104,630642;115,6586132;123,84557;138,8778152;140,3684614;61,31475839;140,2262944;111,2157511;117,1773224;121,7744434;121,297807;213,4847024;176,8549985;187,4136866;13,2095877;156,9386548;134,314164;162,9945785;14,08411683;18,49283446;153,3961722;133,8086919;120,02198;85,41481061;17,68517531;127,725612116667;147,63287895;89,85513258
JIP 169/77(3);9,85927532;39,11429478;63,45806131;108,1267935;-3,894894244;140,5040741;84,98702885;82,28278822;90,34252892;101,2488042;111,2801231;44,70528769;129,2863115;102,0131325;77,48869583;67,75606741;95,23640827;78,26486317;121,8471616;91,22247147;75,17749561;101,2835934;65,47470076;65,66996493;70,67768266;50,75428829;73,55268996;57,5795393;63,33184992;112,2153779;41,62397377;51,90932933;94,64377109;-4,377146096;59,17494609;159,821474;89,89175152;136,5737934;64,90104345;49,06592719;58,17088437;115,7580258;88,04235576;89,18507843;104,6012879;107,8314763;-12,13134125;-7,272268647;40,74414491;78,69207498;60,22957972;64,20520812;71,0242723;85,33460252;38,99382694;63,11948262;70,72613044;49,71988632;73,40044839;81,80382959;116,7839981;96,96474507;119,9454213;-6,21240662;102,6519166;83,95204095;110,6860534;-3,851848131;-6,744088386;77,98057013;81,3803457;71,76670938;57,95124304;-7,813894147;59,927186355;87,0003057366667;31,644094085
CIP101354;81,30432151;824,9368463;188,6696778;261,098549;58,9145883;262,5065231;161,5532316;181,9755507;728,766093;773,2460574;195,400981;227,9635733;734,9179335;245,4483377;195,5905322;168,6091376;224,1154408;850,0712275;211,3334801;251,0363768;193,4400995;208,0119748;151,5304192;157,8259598;123,1346322;160,9239807;789,2819242;554,6350827;149,1465307;263,6170029;180,1238787;308,1674614;208,2965939;66,04294544;156,5588079;771,8835023;174,5309303;39,54148692;199,0250995;146,3242912;192,2605646;203,3232482;199,2600088;733,5259938;192,4822693;207,5986255;146,7654377;51,23471003;156,3571765;159,0567749;195,7388614;142,3344037;164,4594924;150,8058113;142,3449126;174,4682602;165,0159801;168,8162509;169,2375361;155,9893183;284,0255488;207,1357232;267,3871695;62,23184215;203,7615726;174,306072;221,839128;55,05502713;248,9318967;188,6251599;165,3215999;841,1399825;162,9581138;48,25058734;105,582360188333;178,451008933333;123,15688235
CP14;84,19089097;123,9193733;170,5078999;205,7441703;39,25898065;207,4789339;159,4569391;168,090381;199,2223228;179,4925902;164,837869;142,9970392;233,3913511;201,8518475;192,1960743;167,4764651;203,6236441;163,7440929;162,9323076;222,3749708;153,1857189;152,8320699;104,9276965;169,2027082;151,5848083;131,2460362;148,0511736;164,1826857;148,0574367;209,616473;166,4346777;135,0025929;178,6459435;48,24398062;154,9633463;231,1002396;154,1485066;30,97423708;168,2011622;145,7724109;169,8892179;198,6886962;163,5783561;139,1302591;168,9519247;177,00411;142,2175894;49,54809911;142,4522313;124,5772569;183,5673304;111,0396031;142,7621533;131,373431;135,8997243;164,3961635;147,6949471;155,7067743;148,2101095;132,8872287;254,4672802;195,6879487;220,9395193;52,85684466;171,9337387;131,078142;187,5807161;42,45980737;217,5674905;163,057992;149,1942875;158,8670412;119,51638;39,84921932;109,755330903333;164,489769183333;138,94140305
JIP 07/00;96,2291887;174,6377367;196,1620356;277,7866023;48,70134274;298,2244958;208,3861777;204,0697305;728,766093;773,2460574;227,83691;227,9414132;734,9179335;253,1848786;253,8311683;211,5218024;251,0666486;370,8769883;217,7144812;287,024767;157,2776297;196,2800464;134,8110728;187,0450305;164,7758549;146,4153795;157,8469996;177,6248003;136,7774106;295,4075278;184,4131778;167,5493112;205,4924017;49,72830978;154,4266693;771,8835023;160,1841201;46,88289808;215,9005391;156,9758693;194,250387;192,0657276;170,0113087;190,0854876;186,0719881;221,496835;153,1672226;49,5188336;161,8891102;153,3518796;207,0068609;151,7123713;171,2638436;169,6887665;145,7377556;183,2614783;176,3939881;184,2992;185,3080933;171,7893314;298,9524779;236,8309672;292,7847872;58,47215283;205,829125;167,8367051;233,9633482;44,47437807;270,1770677;205,0223087;176,9501365;202,898616;169,3153098;48,34389247;118,928436983333;190,968649866667;127,30923685
LLS R 919;85,44426426;824,9368463;192,4530943;280,2096669;40,89022941;267,3928006;167,7465964;185,0879877;728,766093;773,2460574;214,401033;221,5621826;734,9179335;182,8831759;187,0419129;152,7226037;240,0331163;850,0712275;205,7897229;243,4766966;159,2185273;157,139505;135,375404;137,3781189;131,0511167;138,6512531;789,2819242;369,8791133;134,0346096;258,8295269;156,3705844;204,5679029;185,7560516;33,82663213;124,4963442;771,8835023;158,6758598;29,51966131;160,5005391;125,2012411;160,106686;169,3362539;161,9134842;733,5259938;148,7964222;205,7984528;126,8196441;33,03062889;104,3729518;103,4657777;145,8845356;115,8802693;153,705023;127,1140466;83,08246266;112,0212294;99,50460881;135,7952102;123,9881888;138,121337;209,8048254;170,401023;208,729323;26,77262699;160,6598142;132,2281903;185,5125818;24,85819145;170,6832777;154,8033415;126,1174663;841,1399825;133,5700156;19,01947061;45,9213041783333;147,763120051667;82,23918579
CIP101342;646,1094833;745,7261129;748,1261303;531,0563492;49,19262687;612,7853916;741,1644119;744,5358215;643,2519975;633,2786631;624,5923444;584,4205036;636,9999211;204,9833507;739,5806744;720,4037158;633,7671161;747,3272251;690,444238;644,3082335;459,5801425;717,5966762;78,120811;110,7447981;202,1764311;655,2975358;717,4962492;742,2916125;118,2198623;720,0155016;151,9940164;738,9614574;583,6563237;45,59589292;725,3020248;720,028528;124,0715683;34,57286316;699,917687;574,322379;725,1746381;499,3909567;133,2834558;635,9681164;654,2877333;629,0011832;40,73367361;28,97966547;730,7059274;717,843012;671,2540102;83,28377213;643,6403045;632,7804505;776,1706037;646,296298;101,835938;726,5170031;741,8837442;731,1910139;258,8840032;619,5437821;498,1665136;34,53502177;634,2819208;706,7884599;633,5142206;60,21067064;226,6575484;777,7122099;704,4816092;751,3404633;691,9518699;39,50142964;600,4029356;141,991583983333;616,15155435
CP1;78,38147474;109,3911062;146,4526756;244,4722877;24,21367676;273,27617;177,5659472;172,8307989;145,4540694;163,4953597;170,4770095;214,1650855;214,8639247;177,4362471;207,0636906;173,2704947;168,3162836;166,0515004;183,4137543;216,1677504;148,2000562;171,2921274;79,18767553;96,48826455;87,92098525;110,5495166;112,6372832;140,2065262;90,66371896;198,9102665;113,3308385;116,5840638;210,448905;28,45442963;198,7532987;255,1743686;122,8051026;25,71662152;168,0387949;103,6615669;156,3140638;169,7465587;113,4783608;146,6700745;180,5558053;172,0374535;26,27886787;12,54337385;122,173649;105,7690749;120,9756502;80,06000804;136,480434;121,5148932;115,3644351;120,3707754;86,4375434;134,1027707;137,9893635;118,9658526;240,2771295;170,1307902;210,0893864;9,493616913;213,3416716;143,3327874;248,2195214;28,63638827;234,3206028;253,7984591;130,5815372;135,0863022;117,9030946;15,03723053;74,9946471133333;115,106954675;99,091725085
CP12;69,52067039;390,0852013;119,9220813;208,2933228;15,90324975;225,9118259;137,9068062;113,4014698;137,6443428;136,4972636;138,1802205;108,5970658;179,9042839;154,60073;144,9042934;139,4636043;156,4313958;107,4866319;157,7176005;180,1873987;107,1022051;140,6596987;57,96783572;110,1862214;100,5315234;93,59437362;99,45945782;127,7654711;82,68092662;201,1263168;99,67144491;97,45063013;143,0977924;21,52624198;100,4876376;243,6192709;104,4338311;16,47397772;155,1516416;71,38905277;123,1700871;499,3909567;98,15022318;219,2767592;294,6675141;221,3662656;16,36247882;9,536436196;84,27503567;90,43315901;80,08052141;46,69019565;113,2315328;83,30157981;70,66202132;105,918301;67,00681186;110,2580302;120,5301809;109,9441215;192,1006497;129,779298;187,7704443;9,68137451;157,6527258;116,6421467;145,0260843;19,91520719;196,3916521;147,4479144;110,057851;130,6222973;119,451004;2,367842191;57,0288022888333;120,354931881667;91,38487674
JIP 28/91;36,05506293;58,76689311;57,41825168;137,6403862;-17,72467878;153,0822503;57,94603094;63,34733898;64,3676197;73,98581416;56,75535024;63,5897129;94,80303908;71,75953377;86,33789315;48,87352041;76,9012047;73,16490465;97,86304576;99,98322053;48,84498823;70,92107704;-10,62810197;-23,00705419;4,008983425;-4,293255922;51,00806218;48,32735292;10,96877523;144,245215;49,7938524;17,57073421;39,96945341;-22,94345426;-6,697454253;152,566041;37,79874638;-21,21171255;42,14873941;-27,9949297;29,47376176;49,42742564;12,70991126;55,07991497;52,49681022;70,8813848;-36,36629194;-33,60747787;2,195519587;1,745278764;2,900269278;-36,05084453;26,58820916;33,11789826;-16,15993602;6,33546852;-28,83924656;22,46990486;34,1058401;47,17232456;77,34199786;-11,31655103;55,89908153;-44,83957422;43,51540687;14,35293676;42,56605675;-35,16010816;59,39802392;44,83526977;21,96863099;24,00069102;14,72603737;-48,36267069;-75,1499909283333;14,547398061;-31,33649581
F84;59,90883115;160,786531;158,902847;284,954946;20,39289034;265,4956282;170,9291747;181,6186776;229,7998596;206,0607132;228,1018621;138,8113721;254,1592913;195,3203029;189,7585602;140,5771418;228,0225929;157,552903;213,3700129;184,7799577;158,8922594;267,5363102;203,2713836;135,9481422;151,1830337;137,0080574;146,4453385;152,072054;105,5934518;236,2810491;142,1857962;133,7934598;217,5199081;31,0678043;154,0602154;241,6278051;195,8185952;28,04591348;153,4848121;148,809077;156,2714219;349,6248042;178,3867793;797,7559174;231,0441007;202,478524;24,82383732;22,9829435;134,5855493;119,9539135;147,1320929;158,8241547;172,3768873;157,8605006;129,1679696;86,78280919;131,4839376;131,9129202;164,2758652;123,7651053;269,3725342;220,8013803;239,0760668;26,74382532;190,7483377;154,2428685;208,8352309;17,74793715;23,65396802;182,4615197;143,6018202;139,4331916;159,6985038;23,38853501;144,2829078;193,471779666667;78,83794729
G117;47,13000527;90,82475843;150,510439;256,3676449;17,13975833;246,5563;160,351676;155,538465;289,5196724;273,9927037;211,8736836;141,6992525;813,3896235;178,2849992;165,6552461;126,8117235;182,5676579;146,8998881;193,4050617;152,6483908;135,3861051;233,8167547;181,291948;98,85172529;124,1237259;116,8585766;152,3435394;138,555827;103,5108192;206,3612487;85,7292707;107,3544143;195,6790318;19,95391003;151,4321457;541,9194759;169,440169;24,37041497;120,5420664;122,4101844;135,6496305;175,4101826;158,1867029;156,17841;179,0525918;160,3686271;19,25831491;17,6462632;115,9203268;101,1612542;118,7567679;137,5696497;147,9881772;133,0164438;113,7177265;96,87386794;118,6558912;118,5601215;137,3881275;93,96512728;247,6492602;193,435769;206,5615338;19,96462755;166,3650597;114,2689724;173,7835903;9,21515824;15,80767692;169,0874512;128,8643771;121,2059424;132,1761238;17,5424506;125,0146491;168,669549683333;70,192913645
LLS E 6103;57,05648146;104,7722439;133,5513457;274,280289;27,94025196;245,4482266;168,658981;135,4019782;217,7761137;190,12915;205,5900096;120,8921569;248,0166086;165,3895354;190,2685615;119,9381973;208,7576842;139,0079028;215,4281092;195,8241475;139,5058411;218,7203882;185,349358;101,144802;116,9400948;112,5772446;149,9632919;124,3298966;115,6523026;214,336941;149,048815;87,72431627;187,9703797;27,3497882;126,4428577;233,374239;178,8632799;39,32265858;137,6331474;115,0570048;121,2815369;196,4643407;171,8562156;157,2705696;184,536561;199,7149425;19,36586037;18,8089424;98,41505545;101,6427102;135,4063592;122,0137256;153,7483725;159,218533;111,0130885;87,25077981;109,082851;111,1605058;128,9650065;108,9281045;242,691781;186,5756681;232,8240181;16,31027045;169,9216304;122,3412202;176,6478781;18,48568609;21,01306572;156,5512057;124,2199532;133,6349383;140,9810835;21,38697321;115,152944588333;169,61753555;88,97196669
RFA 295;34,66708939;68,96038777;75,45653635;179,415745;-5,947814779;136,300453;82,7749164;105,3351281;504,2541052;480,0581176;116,9399136;44,02838642;813,3896235;113,547349;96,34880546;59,07386717;148,7627055;110,7907405;120,8718142;114,7757185;57,24812926;105,4373038;69,88162793;55,10598215;65,91202412;68,90012019;87,69584112;68,74304139;43,04572689;142,0250216;64,89806541;53,25094642;120,2187006;-5,902568234;60,88113712;837,9464466;87,59577787;4,016564238;66,0199556;53,90449072;76,76869658;130,0792823;94,46989256;103,3301401;110,6982407;123,4973537;-4,250465393;-4,725450171;51,7780558;53,44557914;81,26981112;45,65057849;86,36512686;88,02075241;44,50601929;51,13491933;47,05278418;58,23636636;63,23504155;31,25423484;158,7678509;107,0342916;143,0814778;-11,303;120,5892182;45,37398751;116,1515108;-14,97919074;-12,3636182;86,19209442;85,25054233;70,40412892;86,92681617;-14,09256693;67,19835901;95,1059855166667;46,53620228
CP10;70,29425053;818,536349;169,8232847;203,6886782;23,44183379;242,583311;159,8021037;152,0353104;183,4800019;188,8445622;199,4595279;94,36456018;201,8378014;215,0736993;144,1553965;154,5018029;231,7999177;175,0842249;187,9746875;173,6950091;153,5271617;176,3932327;124,7158508;561,1489613;131,3527082;145,032352;157,3864007;132,9282393;135,3983376;178,2474772;142,6069733;156,7561076;141,2930582;33,67438136;126,2492785;210,6648039;164,7258675;602,5777547;232,2982654;146,4191123;166,1100275;524,9721005;160,778801;386,5544652;734,1847582;713,7065437;27,18711642;31,72795599;129,2252772;142,2963158;144,5693068;127,3344845;136,7180836;129,3989984;119,9769439;141,8865353;117,0034599;156,2592546;134,7079462;125,6085168;226,757058;197,0307268;186,4422196;20,31644191;55,76677614;123,8097935;164,0594828;27,42162365;210,5269436;164,4097506;141,9964384;137,9743934;145,1010022;36,99840485;110,747814685;167,792719216667;121,1153679
F87;51,86661973;205,3453149;133,4795197;207,6740221;19,66579059;205,3382407;144,3545973;161,8280463;164,3235997;170,4958572;203,4387048;118,1239738;177,1301743;175,9587177;163,7618877;118,8843041;147,139354;133,4358832;202,8559768;132,4275164;79,16008561;186,1259438;148,9739617;138,9679971;95,81695208;115,9901406;105,9553462;104,9102558;89,90630689;199,9331867;108,5952383;111,752477;181,3649466;24,44242169;99,00713165;240,6109598;150,6360947;281,4976742;143,4468161;70,13574102;137,7081971;516,5649539;93,17740856;-398,9071599;303,7661212;268,4922726;19,79834195;15,56447718;110,5113956;69,85347471;101,2800723;85,0220934;150,6496878;153,7291293;87,8836516;117,9775262;64,07256791;122,1081733;108,3115895;129,7214885;266,8321966;176,237424;209,4836833;10,04842343;155,9392892;97,07937956;183,6097951;8,818799856;14,81304408;146,0354785;113,2233388;98,19660927;135,2474601;17,87742563;100,721945738333;143,169181218333;69,561591505
JIP P04/83;58,21840809;112,6201793;131,2628583;205,5830667;14,93203755;249,8216344;149,819188;159,7105709;184,1252267;176,6077074;193,011053;129,4682016;203,4103363;160,6770622;122,3297813;128,7582226;217,6714946;159,062104;162,1969839;173,065262;146,2972434;171,7697416;130,9448373;127,7410235;103,1323286;135,9352612;145,4768767;115,3517002;86,39747593;166,3221789;108,3941736;121,8889547;146,6733798;29,90203104;93,17491983;178,4011351;159,4026521;561,69608;148,2625018;131,9307711;148,5184391;161,5336743;153,907282;148,1618842;182,8882434;162,4859332;29,62573018;21,07803824;129,2334065;113,7905503;127,7248223;117,6958046;140,0370796;128,9091533;114,4244566;123,1434706;120,1855263;143,3050815;119,4979592;110,8537387;231,398958;210,2373458;228,5010358;23,9493144;174,9775206;124,990389;140,4843649;13,06220332;240,4543086;175,8289966;140,6205505;169,2535315;149,4137223;21,35533978;88,1712614216667;166,021854183333;75,417106475
JIP 05/93 (3);24,80102792;69,59637352;110,9201587;149,1660755;-36,30579681;187,3454221;99,82985431;101,9480343;661,2257703;700,5263065;148,9039078;73,6901832;736,5792311;116,2536022;78,82919517;63,69459005;153,9438057;842,5980162;111,5978192;141,8407079;64,71819378;109,3125238;69,30850504;45,14284377;19,31377861;50,88593074;80,81202391;53,02286894;44,82396698;137,4421025;63,52764368;30,68454255;73,17300166;-19,96900355;11,42520858;773,9979458;84,3636853;595,4304024;49,5450352;57,50991627;70,05718341;131,7733099;72,25985193;105,0532786;104,4520024;116,130636;-28,41560683;-56,28726071;51,31716505;63,54326663;74,4710965;44,97739144;72,85657218;43,18650768;15,2525137;57,40830711;45,97781781;60,7740374;65,19500394;62,85074132;111,3784427;78,94744714;107,9132169;-58,17716204;71,64640998;57,95466084;78,00126438;-40,63600762;37,25717207;56,75709839;11,34652932;36,69111029;49,64735544;-51,70510314;-18,8769749355;67,6054777516667;-28,4553024705
3Ba.2.II;246,6008703;406,7487656;981,4179003;383,202605;202,187675;845,5107727;937,3674306;936,8468014;851,5108815;861,2209647;313,9264043;299,233051;826,3018428;351,8055335;318,2521456;305,3858592;326,0710363;311,1774152;869,1387762;317,6202884;231,7509017;275,4353023;244,1909554;258,2795836;271,229273;214,022195;269,4388332;272,2451955;220,750992;308,2511906;266,7171231;254,8752009;337,8320909;184,6242646;251,8281003;315,484662;872,9150521;297,5787275;329,6064988;252,4439853;258,6404105;312,4141801;875,2995016;289,7614234;322,7222746;314,5119368;201,5728298;213,9733298;266,3858714;952,4147409;300,6089541;272,7717844;267,8089049;251,817022;233,9640969;250,4469873;252,6686039;962,9939214;954,3355977;938,7809489;754,792958;850,6416107;361,3009725;193,676459;333,030859;945,8009328;295,4713752;173,4695647;211,2281128;261,7477767;277,2318205;287,7539856;916,1763531;160,0751915;319,0190901;871,833864183333;317,9170367
JIP 23/91;60,02167476;151,4802367;153,5075534;56,48365376;68,73848774;139,0937807;130,8873591;140,1419983;144,7490324;190,899223;150,8402903;68,11546739;127,0457326;142,178524;205,9843376;136,1877065;128,7524224;202,8055166;179,2674427;216,2324;153,4367818;142,7553326;163,1255297;139,1073112;176,5042051;95,054589;153,6055875;148,6763933;152,7075687;291,5322062;196,2156895;144,647917;89,49595087;77,59023301;118,6982711;361,1914496;149,3698829;44,79952656;154,8995147;125,8496491;128,446978;42,9282078;144,5251001;165,1678697;184,5324742;159,2119469;62,72566342;80,73152806;135,5141868;140,678176;143,3450929;144,3933052;172,3685643;164,659878;120,8267685;145,9145287;131,3218005;154,5991288;153,5989907;143,8188871;69,11989373;119,3414403;117,2380921;83,41057554;169,7592048;162,992725;145,751406;87,68686278;354,350051;161,7652909;163,6912645;185,1756743;144,2778293;66,29955872;132,722339033333;141,923659416667;112,09865295
JIP 19/00;64,59385245;261,8067036;152,105497;47,29251432;69,99138915;148,1389134;146,2396578;157,018096;117,718218;164,4090104;158,3576723;70,11993629;113,336153;145,5889737;197,3603901;141,9085579;131,6760097;165,9296084;200,023068;222,1965654;147,8057842;144,1282768;154,8857028;141,1138563;184,9275594;94,34644719;147,7104312;149,3309203;152,9496274;282,1829683;189,0103694;138,0602518;99,26088129;72,38581345;128,1609261;357,7830984;141,665797;36,74169487;146,9827307;130,1304425;137,6254937;48,10519941;126,3743543;166,6685698;178,5544973;145,6655415;57,00998118;76,22133835;143,8365735;138,8935251;128,2337209;117,0254057;157,8448;151,9626568;105,1064072;135,3306464;116,660488;141,536238;151,7855255;131,2022112;45,62338179;118,3736758;105,1198971;80,6787429;159,3798737;146,4562284;134,2511173;81,55056322;317,2200495;144,5263473;148,1494212;160,6025019;132,0799473;63,66873971;124,87628535;130,276148483333;121,3169051
RFA F54;71,55327532;129,1499809;146,1096456;48,20293229;80,07061533;70,01392951;136,8735657;154,3289137;112,9572087;147,901311;152,4134331;64,48568919;89,77669715;139,3724958;175,8443453;144,131751;125,6388448;144,4339174;191,7749743;231,0986517;143,2215777;123,1414055;125,7630102;136,6200558;179,2805087;92,27017225;138,4941944;149,5491005;142,1331257;294,5960355;167,0752937;150,3876196;95,57768015;79,14078474;128,3664914;389,4781065;140,7797399;36,26846415;152,8380231;122,5430501;138,7185202;52,82147685;138,3064548;109,9284828;175,1362228;156,8850618;64,60614716;81,86702268;145,6154469;139,558075;134,4257922;131,8915799;163,6870795;168,400099;119,6909313;141,1670235;123,8949208;147,4877462;153,6617217;136,2474016;60,92967727;126,1482881;108,0169998;88,42373696;149,483223;155,6318972;137,2832736;92,73929617;343,229709;151,6024523;154,0735102;180,8652379;135,6640125;72,52782524;133,71541415;138,168869833333;125,39448115
CIP102035;55,25287487;64,27456444;97,17783992;134,1590784;32,05687914;144,3153922;91,66686162;93,85142689;110,9527834;108,8443848;124,4317884;100,3834536;119,4503946;126,9443451;91,80404689;86,83313248;112,5918291;106,5974527;124,3655007;118,5355936;100,4133955;83,00470519;71,23949533;106,3866525;85,41272055;64,31835722;93,03628182;89,27182543;37,26070346;93,5241922;74,15652502;91,4013404;142,7661126;18,51604612;89,70790924;116,3472827;96,16840394;38,49888444;114,6025537;85,20067393;97,62079038;97,2814604;87,7118909;93,17000601;115,6862129;120,6973893;20,11215515;26,24346165;80,10932737;82,79691942;79,19400793;77,69835595;88,35894829;78,82846023;78,79630249;78,95269396;80,71663966;90,94559585;87,30950514;83,76483878;136,6685228;124,4335486;137,4406795;27,64625845;91,15623962;94,11738024;124,5762412;18,14220237;11,35359941;102,2453928;76,70596516;87,99660947;79,05098527;34,63203781;67,36291758;90,9562813283333;41,890871705
DSM20342;57,78879754;96,64136435;307,3780769;436,9198569;22,43181171;561,9575738;456,9520694;504,1733058;362,0506785;369,3653083;475,8566503;365,8085841;406,8643541;457,3129973;437,5259146;412,5846172;240,1977811;412,2832757;178,3561498;158,9101247;91,5905606;155,75868;65,2731675;131,4132817;108,8647261;124,845402;109,3631157;281,1095431;59,33022126;133,5461084;72,66664231;222,4183301;476,1675438;29,10384713;529,9312945;151,7446315;150,0432452;29,68595192;291,4382815;261,9383357;310,2596516;387,2279817;139,4632112;163,0852884;440,2921256;486,7462966;25,42324335;31,85964594;216,3666819;235,5780637;258,3495455;113,0801698;338,8738376;374,7592672;268,8813761;384,2095579;101,557064;354,334124;232,7880104;260,1897631;397,7721594;491,6721177;410,0689349;30,9794488;514,8279865;402,7781816;480,9516665;36,88061914;28,49703289;511,7000977;219,7179057;322,9614007;193,534009;43,43692989;207,658418116667;150,97120625;63,956972155
LMA28;27,93168698;29,24998706;65,94997302;143,4926366;0,550092924;131,1703;101,7293689;132,033916;76,66931905;96,95779232;85,59681031;28,12674913;125,2151627;120,3132201;97,66560516;72,9954002;70,55384636;74,59711921;120,6603276;82,23009605;91,11725623;83,38991367;67,1269676;58,57531485;64,68879584;50,753571;108,4212487;78,76637546;55,95771639;81,9164816;70,38859286;53,51632872;91,1981467;-0,210993952;88,24166139;133,1027939;78,11914936;118,1882105;71,88252431;67,3001862;62,79458387;104,5850267;101,8323158;55,43391796;112,946733;101,7308763;-5,729665189;-8,121291999;61,86576863;67,64780631;104,2515887;41,88278516;67,66571086;93,40395927;38,72751197;79,63464316;59,52046729;101,1749673;83,953427;65,67494365;131,0667529;100,2301418;120,3590432;-4,223996088;93,00979679;105,8496558;126,7857197;0,802100128;-8,143479616;131,9151594;86,79222488;77,70803977;55,19614047;-0,005563375;51,583140945;78,06687619;49,752224865
RFA 345;27,0623206;146,5338432;98,58855523;182,946716;1,17121761;179,7849177;101,7925216;83,16435705;621,144964;624,649259;227,9244809;126,4033038;649,4775205;151,97768;84,8339938;77,82900246;165,2195284;143,5452034;160,5582779;160,9411631;62,06905452;89,86905452;46,74334794;52,01567448;59,64673269;49,88182987;109,8531663;78,27170959;48,73891986;124,0279886;50,87444414;37,99893983;135,0959005;-25,72976502;96,9812989;450,3438404;75,54698832;2,124411159;92,0100059;83,9057017;86,51341037;135,3870517;75,14539608;378,2872895;122,6816342;133,9783878;-13,41579872;-14,51514584;24,09785706;73,27616399;65,30086661;86,21832667;67,37071102;68,20447101;23,30718693;32,04909487;30,73785509;58,52977892;66,01817284;58,79333374;138,7953318;128,4514958;139,311529;-10,87011502;76,28274068;73,33002882;89,78502878;-14,27860364;-35,91384705;105,7505021;25,52118201;83,43495373;46,98921772;-23,92339892;-24,6562106116667;71,5012086483333;7,278817468
F43;72,45549905;819,6783927;148,477942;240,0185134;37,73152285;264,937849;160,8020943;167,6665846;232,2924108;202,7598249;237,003458;204,506748;253,0244321;227,0190935;207,8869302;196,4037378;448,5195825;191,403876;235,4641304;230,9694173;180,2510613;150,97993;112,9650678;156,4285837;142,0027889;140,0637423;177,851072;150,358421;120,0313009;211,5552955;137,9955639;135,4270788;240,6074147;37,23980414;147,86448;302,1796603;151,7977589;187,5794897;194,8552458;153,8370274;171,0430797;206,2135234;158,0094837;653,2743761;207,9523957;202,5900153;43,00669792;38,66736721;136,974414;126,1246068;138,6086278;126,603268;168,5307825;170,6909771;127,7462002;140,5330074;118,743006;154,4280955;179,2701468;138,1446134;315,0527276;223,2990845;253,9681819;43,95138302;189,8687172;158,1402107;181,9783307;34,00043335;44,36173487;182,380542;132,0288072;152,0131489;155,7130393;40,57560638;97,631171015;178,639819766667;108,15511945
9.4;155,9533961;819,6783927;806,5105776;548,0687548;33,33270825;567,79533;810,4420716;796,767452;608,5977275;620,7658746;638,9677898;576,1594263;667,872378;633,5606291;578,365607;501,9396953;686,4810171;812,0499323;665,6013643;397,8806626;219,2619841;210,3479144;120,0692826;151,0841753;145,300853;759,1354445;779,6191184;780,2035472;119,8157907;764,1297983;156,8021797;794,1701362;645,532825;43,83007512;177,8409044;763,5719548;204,0140209;571,9413525;766,1574517;169,7952531;806,9973497;500,7539141;218,2355904;653,2743761;658,9364544;640,9400563;42,68051604;37,95192059;173,385426;807,0882213;156,6839246;162,0701706;208,2774562;269,8233672;190,3009082;230,358692;96,92211052;584,2196435;790,3865378;448,8986733;470,8368321;560,0676467;489,8870911;48,14433145;219,849237;786,2797024;659,0699378;33,578798;39,25254941;793,2648053;168,5028621;528,5962741;649,985247;49,88241605;182,299509083333;222,412751316667;407,78309555
JIP 14/92;46,08386652;819,6783927;127,8169877;203,2818352;17,56764874;235,5882437;146,8735616;167,1506801;179,8927769;202,8275742;204,159546;182,7810846;212,3874099;207,6156346;151,2151202;150,0753213;277,487061;179,6260483;230,8855478;169,2800298;127,7935034;138,1328394;65,39165943;117,6670799;104,7162112;110,8007604;147,7686558;142,7647899;97,01553849;191,9798142;100,4223123;119,1850082;178,8701199;19,66145294;124,4160554;262,373334;146,937592;147,15151;168,2244428;121,6972576;131,486891;170,9272148;145,5506269;653,2743761;175,412729;201,2339329;34,76673727;28,57610652;99,84225458;117,5149333;110,2510486;115,6669977;158,5518441;159,3262741;140,1846397;157,5473346;93,21132955;102,4150997;157,0803672;111,054277;282,8079036;213,5029212;233,5516012;31,82734388;158,2286285;144,2025588;159,6382952;14,88743109;25,21389446;180,8369452;118,719875;149,4717467;138,5422371;26,09639126;77,743844935;156,098355216667;90,922528305
IFIP 710;30,46292593;819,6783927;88,37655667;155,7096182;-14,90516184;182,3124119;87,52218929;101,0268229;148,0704576;117,2074715;154,8211162;110,1437864;140,2104618;602,1737836;133,3731841;118,1366015;686,4810171;103,5421821;178,6158985;167,3032712;84,733699;66,07732818;26,36156305;39,23190205;41,07944868;30,35499203;68,88074033;83,9173128;41,79346197;142,0002549;63,11700064;19,24090292;102,5090878;-19,29413275;36,16741109;276,6831868;83,08640334;136,7678751;50,03112265;31,6340482;42,37743585;93,73138744;51,44030435;653,2743761;126,0574336;117,2734991;-16,80470112;-25,84629891;28,4077697;58,97810315;53,84080572;62,68386838;91,09281596;90,44928764;42,11753442;24,10671807;1,806889702;49,97664974;62,33374734;52,13470173;85,18008182;60,90735628;108,5873712;-14,52022212;96,48315953;41,00177852;71,25103268;-24,89798548;-33,11589197;69,24917078;21,97931828;63,00018131;45,48012028;-33,21145935;-41,331580338;63,4738524226667;-4,9814044075
CP4;46,42827023;80,06592234;115,3957421;181,15741;16,75137735;244,846395;165,6916717;155,0573059;155,2127302;149,0712885;199,4945126;179,6202506;234,0949601;187,9453208;204,7384284;76,1157587;142,3144609;168,9746154;157,7395272;182,0738185;153,947819;174,9506405;116,5986045;106,8440241;121,927346;132,6010546;102,8320566;130,0734567;98,69841422;185,6754419;121,3485659;123,8236304;181,7958013;20,16315762;142,5650466;270,691848;135,72531;27,08184172;152,8866799;93,09086132;139,9650477;129,4761995;124,6295443;109,2125959;172,0135118;202,4233604;21,72888269;16,13908326;116,2143226;89,68988904;134,1396272;100,1239677;165,7734767;157,3148675;107,128475;110,0938149;67,31521126;133,0419038;127,7194506;124,0723345;197,6388148;158,7517096;209,7239876;17,62673278;179,9429285;126,6377415;239,7556172;14,96636177;23,7738173;165,1681418;121,9796026;115,5112399;119,4207027;17,56688864;122,230098471667;97,7887770716667;85,326133235
CP23;584,0066562;787,1199384;797,796165;614,7834645;25,31375467;558,2794635;780,5322754;760,7942487;609,0205033;614,9253873;630,3221878;589,5647752;622,3843815;662,7354741;765,417243;749,2542627;659,342678;773,5579003;749,3184926;651,1724374;216,1801051;727,4607329;184,4721087;199,9275685;157,6057706;342,6123356;227,132511;756,6699005;140,9330297;759,6565005;178,4961429;761,0085206;617,5313148;37,94311069;738,7323863;745,7177521;632,8417655;40,74879053;779,089639;698,596933;777,0647458;413,945667;588,614017;642,2444088;670,3356829;688,9162921;37,69265543;33,48686312;770,6994673;752,1486795;695,1430041;149,1933259;635,0965624;635,5241147;792,66132;638,8716359;138,6439361;774,1134499;763,6173999;753,4590548;502,2359574;604,7322575;449,7006639;46,90533677;676,8407744;732,9963282;637,7854544;22,16136857;37,87353116;778,9638582;777,0100925;780,8501108;719,4047722;35,03375014;661,773197933333;614,240669766667;552,4846918
CP32;43,1910171;75,24921261;120,4149079;202,7161378;15,5022586;282,717224;229,7469674;230,8485254;183,5523909;176,117275;214,4933977;144,6130044;250,0262029;199,0472428;178,8821508;162,05595;151,9393762;169,0960031;151,6916407;144,2818568;127,3010919;218,9712147;133,0450539;100,3917649;130,4803028;109,7654651;122,8657057;121,0724912;94,40046048;207,3175326;108,0092898;122,3059961;116,0195224;15,61247695;179,2203143;225,4460298;125,8326432;10,19019466;142,1576412;112,0607955;151,9857637;168,2544076;117,9678332;130,016743;186,3108515;207,1082329;15,47961258;10,79141409;103,1509591;85,77034532;129,4042262;98,88944441;147,6790857;171,8260272;108,2778692;125,1633136;61,84338917;138,3168314;133,5538264;132,2297642;194,1157348;171,8109523;202,0720645;16,33028169;191,8833691;184,1806224;226,2401702;13,93759637;19,85468748;209,1029557;109,3239941;114,7544661;115,9507652;12,44387011;94,8764609133333;120,743582025;73,460851555
F73;37,61714291;118,8638112;701,8398074;153,2376487;9,821428606;783,4236942;878,3122169;883,3006395;108,1655217;112,9185079;147,2110402;118,8364624;173,9746174;139,2624175;117,1079702;60,46832479;114,026294;111,7439344;436,3187057;132,17261;88,89949909;138,2359179;92,09252589;52,1302722;50,86261619;70,55036877;84,05432026;82,86202962;58,21760625;162,8530916;96,18812011;91,39727328;102,4490502;3,85327338;93,15584282;207,7228506;102,0052234;15,08464054;101,4192606;68,83050151;110,4502206;126,1161863;95,34238523;799,3933422;119,3063794;168,9771697;-2,991398091;4,866358165;69,64753572;615,4464087;100,9193423;75,74311079;102,2243508;107,5837092;64,82733243;73,17970369;55,0747424;885,8301665;594,9486117;268,7394245;560,2116737;524,3655497;148,3790749;9,493303149;131,1767308;879,4406047;167,5601898;2,923424968;4,668136273;117,0659313;74,66258314;101,8439144;89,19228968;3,667206287;69,5796898133333;111,205951245;67,50144274
CP11;102,1365123;220,867343;230,9971985;300,2147255;54,37942158;332,8085464;191,8717245;240,7349144;273,0554439;263,14971;258,7623007;226,0504825;308,9350684;279,5126176;209,4174883;208,6306703;284,0085982;210,9048609;262,6087128;242,9869682;192,5355361;229,3559428;212,1976567;207,6226052;202,255317;162,9296377;186,9935929;189,5082274;135,2610778;247,0329437;176,1574743;200,0868523;244,8008997;62,12541548;157,5053416;245,0474858;222,5682323;247,2983881;225,6382193;182,5100714;192,166731;263,8290443;208,3423508;349,0718222;252,295363;234,9286123;62,6031123;55,18959445;175,8120399;167,3961256;196,1026812;171,9316535;188,5096838;187,9643883;163,4203317;206,1405048;184,7826368;153,6253688;190,6510177;167,2461322;326,4894441;275,2380395;277,5169521;56,44019816;197,6112654;159,5755818;273,2210017;52,98278922;62,83476498;220,4701534;167,9204881;187,1567562;175,4384008;53,27366083;155,629713216667;209,940398716667;130,1638492
N15;84,6694203;827,9775652;193,3594566;266,4425871;55,16038847;313,4425087;178,3591851;191,2072908;625,3146823;652,849129;223,2764279;216,7214033;713,8379947;257,1250132;184,4063255;171,5992323;268,1321973;834,3362446;240,1897877;223,6530597;168,659226;225,7055814;186,1267968;191,5754643;142,9749379;156,9307952;167,8138018;164,8315111;148,7507527;217,9246483;170,946239;155,4243685;215,193735;45,48367589;166,6431319;753,2611988;199,4512916;213,4951629;191,8856786;190,2926118;192,2961002;241,857207;203,8083501;629,8118073;236,6719847;228,6315767;50,34371062;47,70133125;174,7490818;160,9766537;177,0804483;187,904466;189,7877877;224,6048734;141,6056258;190,0265424;177,6469255;199,0308304;184,6435968;150,900181;329,6931097;264,9266754;284,5760165;35,56374767;208,9797205;156,6643243;272,6658295;54,24822289;57,20315524;217,3309384;169,851489;196,4791436;172,159906;45,99455076;146,467693116667;196,8177453;119,40238015
6.2;87,69907066;131,2916988;187,8749277;280,4319636;35,6830882;338,6242904;182,8890866;199,7775212;274,9421786;272,6658896;257,6852857;226,6867457;277,4244333;250,2854316;181,3821568;204,6979996;285,6858202;211,7830027;288,3929187;208,0406459;170,4521487;204,0238438;191,4827827;176,0032222;161,1564113;162,7812374;171,0064137;176,9963166;127,3638539;236,3294146;172,9497161;191,8432275;251,2653037;40,81118708;129,2659832;241,4463502;208,1331292;230,0550874;215,2370242;194,6722168;160,5425911;204,1573311;211,2440775;209,5592508;244,5120692;228,2557252;41,35363959;38,2894008;171,809379;149,6361417;160,4019698;150,1882471;196,1667078;205,590398;153,1550741;199,5841088;165,0935695;206,3245674;196,1265969;167,0127241;299,5680401;338,0671098;291,4542014;53,96748952;224,5979055;179,4436728;279,0274888;36,42101132;46,31819923;211,1735353;170,6468626;190,0152537;178,1514624;50,27167546;129,706105173333;203,793469416667;117,67862405
RFA 378;32,79946812;108,84545;130,6533462;195,6046702;-4,044011992;254,5974143;95,05194369;112,815782;625,3146823;652,849129;174,4262491;154,524137;713,8379947;172,7699392;107,0634408;110,1771786;161,8630468;834,3362446;169,2963105;192,7371061;92,27529696;148,945689;108,9405809;95,18696314;70,65471869;70,00099054;66,25330182;92,57698666;73,49253985;164,959591;96,37296762;65,13195905;129,4096359;-24,73001883;62,78685063;753,2611988;140,0441842;158,4884242;70,54923428;69,05744889;91,25791128;148,436061;108,0304388;133,9075172;168,4499056;138,7440495;-22,74770013;-22,87517726;70,92781712;91,62116837;100,7723178;80,11504689;85,96353248;119,1652689;28,33145784;68,82587071;63,58670882;95,52105486;97,98218011;77,51995472;149,1148768;109,7843643;134,9425001;-26,78198006;118,8291805;79,17114993;191,1354628;-30,18378467;-39,35032601;80,51749942;50,4976541;57,68444787;69,27170557;-43,9490241;14,2783268221667;79,20704205;25,38075134
CP3;26,25564608;60,99934754;115,6069182;163,6414008;7,489436042;133,633548;143,7757989;138,271976;125,5901316;126,8769676;109,555018;64,76989507;168,3843758;158,7814258;143,7465084;100,7315582;118,983928;116,1811992;127,9145226;104,8941682;110,6032556;155,2249222;105,5799577;55,81759305;106,8129456;70,7577071;57,64254273;97,28093755;86,31194119;140,6668338;106,0552301;78,71096538;72,47356787;13,47559868;166,1375674;220,4940691;112,8403334;159,6694086;103,3303907;94,05311358;121,8587305;142,4422515;109,8212238;95,81253447;167,1692696;153,0687789;14,45011878;18,28850703;102,9375183;89,72566142;131,6263972;81,88842344;131,7443269;155,9074609;96,24161703;121,3617443;84,98820379;116,052762;109,9272241;117,8135101;180,9387761;151,7779315;160,4477949;15,79025095;130,7553393;125,7365409;192,7961063;11,49009576;10,85589295;213,5829021;122,247955;116,9109186;80,79455545;15,11036452;113,667915171667;114,996813433333;90,70504622
F33;54,19718686;91,05216874;131,9379221;216,5952628;29,3363625;150,3725267;155,6457674;156,1422571;217,8612857;174,3090267;181,2669051;141,7564047;198,9271594;173,9443248;157,3568646;116,8703766;177,4037298;143,943217;178,6744186;159,8301763;131,1071489;215,3624348;162,5271289;108,0408499;139,5646822;147,1026615;117,9794434;129,0019119;114,4919996;173,165333;82,3324785;91,69125819;165,3326906;20,17226409;122,5070056;245,661894;184,9391876;38,5890396;77,42769937;122,3405664;122,9440747;193,2769066;172,2658525;144,8227524;179,6481943;201,56628;24,86141322;24,87405738;93,4046955;109,4131389;138,247746;170,9631701;164,7142911;172,6668682;120,1033945;140,1131226;116,7141277;127,0223033;151,6447306;116,1531094;255,9240625;195,289499;211,3549914;16,05109279;159,6656008;148,6541606;143,4002134;26,04327139;20,43168538;161,8009044;113,4427184;131,7986855;130,085444;26,44596205;129,3920102;163,168741481667;79,411456645
Me I,5-02;62,47879113;105,12948;123,3500761;222,4510987;16,58228364;185,3050713;161,0884331;155,1664857;230,9921855;193,1851269;188,9901255;114,5758642;221,8545759;195,3982627;159,7562547;130,1474695;211,5986127;150,5658629;178,4570304;172,2768801;135,7371796;170,2991706;161,5907657;137,2565911;138,8983677;122,2229387;118,5670863;121,4540608;118,4449599;184,5262425;97,88910873;116,0804422;158,3200621;27,30370839;119,8118533;216,8709243;186,8351816;34,91528923;141,6619746;128,2253358;122,471996;197,6208797;180,1114284;152,4273719;168,7477912;193,5007606;30,39716574;34,9734582;112,9216623;120,8331815;142,3609872;157,9112327;156,0309492;159,4222103;117,6153713;140,0235419;128,7417082;144,9757643;144,8973672;141,5647457;273,2999105;198,694647;210,8174519;26,54958167;161,7959734;141,8771948;152,2031867;27,28863961;31,81773228;167,6342725;125,3714549;140,7483933;141,184651;28,69284216;142,61522935;171,413730331667;90,94334145
131120027309;53,04301193;104,544536;132,0290503;193,3233961;19,94677853;162,7876395;149,223353;133,9094892;183,3161239;174,176676;163,3565669;108,8946244;180,5153729;179,5397865;127,8270705;112,9697452;162,3449966;119,229728;154,6678026;162,0508369;118,1966509;166,3554624;120,2774085;101,2342307;110,8499234;112,9268275;104,5605026;108,9038628;95,47439197;102,9651118;69,00462412;79,34662624;122,2299925;17,22850489;84,00032636;186,5282475;140,1420887;31,30843265;95,14234355;59,59047858;94,2892124;173,5911421;139,5008978;139,3536386;141,6434326;163,6023586;19,3349208;20,3644228;88,18205419;92,73218372;129,3266717;119,8495412;134,5113385;133,4017435;79,7575294;111,5641958;102,3860872;122,1193006;124,5168259;59,31538628;175,3027695;144,1282528;187,1906497;26,86915009;145,8633102;118,128302;120,3718425;12,88013793;18,15674901;129,1974676;93,5841382;119,685604;127,4791817;18,29586283;110,883334811667;139,858180928333;77,31639493
CP5;133,5179429;108,2704481;86,92577142;98,88522805;8,305737299;138,2423905;105,2024394;107,3800479;97,30109304;131,2952644;109,4755371;96,39486051;109,5095167;117,9376544;96,06183619;94,49231576;114,9685394;144,9201629;121,7732704;118,9392972;125,0466733;134,5405178;105,8020466;107,842893;76,70058631;121,5655912;230,578436;119,130328;112,6555714;125,9627091;129,0424261;111,1082003;90,69946579;23,85299001;102,7401239;104,0594701;120,0520685;110,5918888;97,77727809;101,205074;87,9312805;102,8984012;83,43939366;121,0532645;116,6359984;118,7530547;16,1363034;18,39783081;86,93173844;87,13835222;115,4899328;104,230458;121,1098551;109,2580683;86,13338865;108,7023455;99,56505635;115,5216102;105,4717279;81,99889046;94,39176261;89,23463714;86,4180085;17,38297565;110,9195153;90,37446735;86,00294129;25,10441316;120,0934349;78,34342271;99,42577521;120,8736586;94,7161848;22,08775027;107,106031468333;97,958773935;86,570163765
F1;68,75565309;134,6336694;124,1932877;130,2632498;30,10340639;174,9575713;151,7335693;161,4004075;129,5963198;158,0683468;134,5250093;121,0043825;165,8397789;165,7196475;154,2008972;114,4211079;154,8829325;172,2753726;147,3664555;146,310716;176,0218781;187,0017524;147,1358881;110,3403528;105,8207163;151,456251;269,854941;177,2683937;153,8630067;162,1244733;159,1015804;161,7922308;122,4115801;30,35454203;158,1381224;149,875111;164,715825;163,9614625;129,7287856;159,7568245;144,6250955;149,6019365;147,6001783;177,3946813;166,3287009;172,6371983;23,73134776;15,83108069;142,7952075;142,7273023;145,2592056;152,2335982;156,0636812;152,7590034;151,2940452;145,6157259;141,9386942;157,2287954;149,9592305;119,2421461;137,8728027;144,1923331;147,7035751;32,86604812;157,8516885;148,9104719;128,8640959;38,20381542;162,0692102;146,9949523;146,8635657;164,7429917;153,6524633;29,97778338;166,192023466667;140,530140133333;119,69854435
F7;147,5346517;133,9755207;140,7529283;142,0114521;19,41083951;173,041915;141,7427271;135,6598798;126,1198614;167,9429724;154,7508547;139,6519263;141,4417319;135,6007812;141,421012;91,87645676;148,7743644;184,1925547;160,2086966;154,6100231;162,0303079;175,5655879;140,3578319;126,4723169;122,5586069;168,9583699;261,3627197;156,633891;158,0023718;166,364711;174,1312044;117,8710914;136,0162171;32,04336024;145,4496284;152,591737;164,7443104;150,9646197;109,1497498;165,3386243;132,2704588;148,0153402;140,4519776;162,701829;156,8890752;159,9478648;24,43786193;25,58107153;129,8579187;133,5390212;158,6281341;148,7375703;160,7167273;142,7009323;94,50428753;141,3770275;145,9912862;160,5931369;146,4142825;96,78168577;114,6927504;122,9288207;118,1885626;29,57223932;146,860539;123,8306628;136,7842932;29,07889979;130,0593483;125,2586291;134,7635478;150,3246278;138,2486634;30,60160373;149,744422583333;133,04707395;138,2343534
F29-1;44,27331078;72,18993964;65,4953344;96,39370724;17,07966243;108,4787537;104,0754344;103,0361928;84,58417866;124,2840614;109,7138864;82,22690469;93,03154146;100,083668;113,9565982;80,78915985;102,429652;132,6561634;118,3306231;94,72129964;107,5284029;112,6516084;110,1958509;75,91919835;74,13235092;102,0554901;217,278183;98,76400415;107,2486421;102,2858538;125,9355279;88,34681502;81,61156011;16,41508692;101,6851732;89,74424805;101,7210178;107,1035441;76,15305188;97,50641889;87,06773404;121,7065136;84,00334965;107,7096628;101,3012205;115,5626212;15,37774321;11,88655566;78,00410898;108,4876258;112,9671944;95,70664436;103,7368256;99,47958591;69,0707462;75,50976719;109,8978848;113,3913139;104,0030583;64,88073323;48,12802952;61,6727819;89,15979054;15,88281205;97,42476074;75,95979486;76,57123372;12,19326783;79,83514205;71,81909896;68,72451942;99,64518181;90,3806298;15,86953519;93,79040314;87,0652946233333;78,79669568
F14;58,58711505;98,06810074;151,3123289;245,966207;24,71569458;319,6551049;235,7681024;258,708916;229,2676215;207,9496614;276,6229715;162,0572423;284,5793636;233,6054061;241,6575373;197,8581125;174,6059712;188,3370794;172,4746981;159,0988263;162,4107213;213,7288473;137,5958406;120,9262923;135,0067638;129,2316862;147,0047424;152,4187411;115,1139708;185,9456522;116,8362982;151,0793621;133,8738087;21,50219801;204,0845018;227,7557405;155,6106034;30,65079929;174,8001535;128,5069344;154,9228828;191,7657938;136,6024534;107,5853468;210,1035869;240,7549736;21,98227428;10,56194222;117,2749667;78,76487466;144,3859794;129,9824572;177,5451129;197,7849874;126,6735199;148,0166989;76,03626294;159,9996276;158,2836914;140,3382394;237,9084682;206,7659489;251,1928693;20,05234075;215,5699095;179,1398458;275,7460244;17,81761205;24,67929915;222,1492571;134,9954047;146,5399924;139,3878675;17,55180625;116,24746076;142,43582215;109,80117215
F44;41,0719041;95,04939624;143,7468813;277,2176982;23,22055248;227,0867429;144,2490221;159,1278641;165,4854618;142,7774307;212,7876271;122,7396614;232,3436942;199,2736774;175,8462461;161,155579;163,0401795;140,1833311;178,0331915;155,5366065;122,7800971;153,9085021;149,6926899;119,21893;148,0265424;135,7081432;120,7267717;88,81502354;82,55882353;166,6617571;158,027583;125,001454;188,0284124;24,82372049;123,9122405;316,2343451;132,7007279;209,5924014;133,2858305;87,81030919;106,3623923;183,7182189;122,3285091;176,5028891;158,7386081;226,2649106;19,2609492;19,10078001;90,72611302;71,23088752;116,2664794;100,5193844;177,904283;169,2042321;80,49138525;143,2625651;53,49605873;116,0803839;118,9356529;118,4469108;230,4612688;161,4223736;214,6049517;18,03691817;169,6298572;104,2534347;220,6563759;4,120350279;17,47306653;129,6148417;91,20706826;98,30553041;100,7023093;12,65835972;83,554133105;133,527973565;79,76451973
F48;87,49726852;170,0811453;332,6080236;176,8867555;92,39765895;845,5107727;937,3674306;936,8468014;171,2227882;205,033712;222,4973344;249,8206785;253,2558534;274,0832126;290,2210499;203,7613261;212,1973954;217,5306238;350,7295276;225,0285193;213,5429853;333,5570567;241,5426736;158,2277624;185,5030915;176,3580142;217,0461916;213,3995531;167,8299048;315,9054094;218,8534088;183,1038954;222,3841953;99,44896152;211,2531208;372,9227291;244,1637808;258,0356845;213,3028513;164,4386995;218,2348553;199,9281533;216,8842338;856,2421181;282,0530289;266,767683;101,6432873;100,3888116;198,1992669;243,9164898;178,7938906;189,4156644;254,7155553;241,8483994;175,0111933;190,4573963;170,1515395;482,1787667;364,9771389;364,1722164;364,7460058;407,0221273;299,8532299;96,24475454;278,8078043;945,8009328;310,2018954;105,0730139;100,3023907;243,0884506;194,9543837;204,4802087;201,0700219;84,49779702;189,551054483333;221,21010235;145,7654979
3BO4;37,74039923;72,17802632;122,6914217;191,6788836;11,70498732;159,8382762;132,7485086;146,1067393;113,2924123;137,2411061;117,3047405;56,73776005;183,5944499;148,6908027;124,0668662;84,57619248;117,599359;110,4948533;132,2798511;114,5074791;123,0862308;186,2400681;126,9883748;84,84006874;102,5101757;101,3078594;95,96943502;123,2406936;99,81866832;167,8731558;118,2655677;98,22929623;110,9820929;17,32219581;114,2637316;214,7496737;138,2836267;153,4233898;112,3290292;106,9901815;122,7274903;142,5760199;153,628974;101,0732981;170,7389716;161,0370662;19,25101122;16,4126012;119,6483724;74,84074732;145,5838609;99,05967689;151,9546673;159,2306267;92,96872071;123,8091285;102,4853045;127,0429301;103,7717357;93,32383194;183,521947;142,2843659;191,2920678;15,30323476;130,5622545;122,7821879;165,5130151;16,63903247;15,17304774;164,7707103;143,356481;110,8598629;109,6820151;19,81613744;117,168851966667;127,463581933333;77,65756569
5.27;75,97337295;166,2745594;193,9879602;182,6692334;96,04897698;256,8929221;196,464408;225,3609582;125,2712128;196,4419388;187,0954896;206,7344945;177,3696626;244,7850539;266,1875347;188,1043354;181,9979748;200,3871329;199,1101959;222,1758492;178,1599915;260,2877095;201,5914951;134,6630453;150,8695208;157,9430295;190,4497802;168,7723814;132,9200527;299,8177157;176,3122445;164,2236958;174,9342857;94,1658814;162,2751964;347,7868936;190,771427;225,1995046;184,6272987;137,3861588;178,8413193;196,7949998;179,4884333;856,2421181;233,1250561;221,7148946;98,63172885;96,67683603;165,1306285;160,6932785;168,8819329;134,8855476;179,486777;205,799452;132,1434551;167,3623741;157,1234908;186,3680251;202,8669218;195,982068;145,5992793;171,6678983;279,1515144;90,62810068;249,9563164;194,8768509;272,4952371;98,3526088;95,42765898;204,3826967;155,4512591;169,9855906;170,6020756;76,75399347;156,040860283333;180,972763466667;126,75785705
C4;55,31927487;90,60429623;148,2751052;267,4787292;25,70337698;264,8237364;175,1312657;195,2322151;179,2951036;174,2388463;215,8722094;96,15377713;256,9954487;227,7664207;172,0626151;122,1531212;157,352721;147,9647735;191,134513;138,1127928;142,1036244;249,5175141;178,3468303;140,6089438;106,5632245;118,2962372;125,4789762;135,347492;99,85386886;195,3003739;147,4405621;148,1135749;185,4544896;30,33583431;122,8734353;244,2597133;168,1784958;219,5764015;161,2542437;92,79261996;148,004357;202,2367634;155,4377752;183,0447635;227,5326744;227,1574356;28,30839564;19,15543901;118,7957706;97,78135877;108,7119784;126,1400894;181,8970356;186,4212711;99,68258877;136,6843338;90,77054931;119,1121963;148,1005345;159,4874627;269,2345615;192,3170856;254,7427899;21,00076209;166,6155536;137,969146;175,8084646;27,17489102;23,36627235;168,9391575;132,925275;101,9301178;111,7561515;27,16339667;126,554291516667;181,0816968;80,24223737
DSM20590;160,5508187;196,4945738;221,7846338;495,517021;98,70184795;305,8743626;197,4632585;232,6140488;424,8958346;477,4854219;360,0426611;193,2177333;483,3577987;308,4599075;223,4719398;230,3856833;262,4460628;631,2811446;277,6316407;284,4233896;196,2623681;282,0338777;181,6695305;214,76399;188,8443393;167,0647792;276,2859896;213,7813563;174,5703466;271,9208015;192,9100671;203,0246314;315,1816009;66,12024875;246,3480917;688,6146798;267,9191243;108,5206199;260,5426709;231,0889151;227,890702;212,8633519;233,952288;312,8961507;263,7884731;299,476952;69,43138911;85,35024331;197,194882;188,3922731;189,2980649;250,1156949;187,0070494;190,9962362;187,3968261;223,9520011;199,1404791;219,0916278;240,5268447;185,0146195;253,2881972;273,2320754;404,0609418;96,87378358;286,1367004;215,2323756;284,1985345;83,58609743;99,28997446;224,5320282;204,1871728;237,769582;220,3091276;83,8136214;172,7674302;245,026843516667;183,78219185
JIP 05/93;160,3429419;193,594004;214,7345888;473,2291628;86,92233877;299,9058134;201,0983933;191,124651;452,5612039;470,019305;393,4867059;191,3472063;491,4117815;299,9193756;206,6875105;230,8110571;266,9320462;293,4916045;272,7761126;263,5540362;187,0493515;276,5254113;193,6380852;215,1016733;162,4798554;149,817882;257,9057887;181,3719084;158,3570218;240,3802652;182,8397018;197,3861956;269,4068031;60,03457568;224,1640449;742,44473;244,046681;101,3152981;252,9585474;212,8284593;189,8194599;168,2814969;237,7155908;285,7029493;233,8472014;267,5006072;60,83554501;91,12482283;176,2560029;187,0368765;184,7645907;200,858089;159,1725084;166,0694704;184,6127481;210,8383494;188,1534933;211,4662993;207,5773989;154,4755396;266,6630667;261,7034148;361,4881423;80,77508839;284,9658178;206,196005;247,5213073;78,23560991;78,52498611;223,4316755;211,2247522;243,7650566;199,9125697;72,91454069;149,347926;233,902252683333;169,32521025
LLS E 6926;24,17570542;142,0733313;167,0242863;446,7839339;59,13612006;264,8729713;123,1387626;144,8725443;447,8332733;457,5683279;350,2866993;146,6589638;453,2935062;238,308855;184,091251;191,9442001;233,2910264;232,5809874;217,6232421;220,6082856;148,4659901;200,1636591;114,7163038;156,75095;141,3626635;102,7583829;213,3992475;121,2867953;120,6609627;172,6687585;118,4500337;145,334368;264,9594279;36,54326599;172,4604467;390,4620171;170,0306243;66,98173146;217,8764264;171,9071625;169,2699135;171,4034983;172,5249179;250,108932;160,6712849;219,3756634;40,78940681;42,79927268;136,9166669;144,5156916;138,9979678;169,2512;93,14364531;118,0224302;136,3883616;175,3701731;146,3683154;143,9285585;161,5815106;104,0635595;205,7005932;222,3096;299,6991944;56,78911971;236,1427106;147,6901426;197,905327;32,78983185;53,27079563;150,912647;146,4500425;185,7533742;169,4891509;51,24341459;97,960339325;184,572784516667;140,62393915
